date,portfolio,btc_price,is_invested,btc_nav,portfolio_nav,portfolio_return,btc_return
2023-01-01,100000.0,16625.080078125,False,1.0,1.0,,
2023-01-02,100000.0,16688.470703125,False,1.0038129515588565,1.0,0.0,0.0038129515588565255
2023-01-03,100000.0,16679.857421875,False,1.0032948619490907,1.0,0.0,-0.000516121662866853
2023-01-04,100000.0,16863.23828125,False,1.0143252364503414,1.0,0.0,0.010994150293785143
2023-01-05,100000.0,16836.736328125,False,1.0127311416850553,1.0,0.0,-0.0015715814888572766
2023-01-06,100000.0,16951.96875,False,1.0196623817953885,1.0,0.0,0.006844106816741524
2023-01-07,100000.0,16955.078125,False,1.0198494109697076,1.0,0.0,0.00018342264818071996
2023-01-08,100000.0,17091.14453125,False,1.0280338170363605,1.0,0.0,0.008025112314249405
2023-01-09,100000.0,17196.5546875,False,1.0343742470225414,1.0,0.0,0.006167530562816825
2023-01-10,100000.0,17446.29296875,False,1.0493960261704567,1.0,0.0,0.014522576515372032
2023-01-11,100000.0,17934.896484375,False,1.0787855697593562,1.0,0.0,0.02800615102017323
2023-01-12,100000.0,18869.587890625,False,1.1350073384279986,1.0,0.0,0.052115795988246116
2023-01-13,100000.0,19909.57421875,False,1.1975626057252309,1.0,0.0,0.05511441660269112
2023-01-14,100000.0,20976.298828125,False,1.2617261829448425,1.0,0.0,0.05357847423830919
2023-01-15,100000.0,20880.798828125,False,1.2559818497114852,1.0,0.0,-0.004552757413617381
2023-01-16,100000.0,21169.6328125,False,1.2733552387729334,1.0,0.0,0.013832516023570829
2023-01-17,100000.0,21161.51953125,False,1.2728672242062744,1.0,0.0,-0.00038325091993129945
2023-01-18,100000.0,20688.78125,False,1.2444319758328233,1.0,0.0,-0.022339524368837904
2023-01-19,100000.0,21086.79296875,False,1.268372415029486,1.0,0.0,0.019238045679950355
2023-01-20,100000.0,22676.552734375,False,1.3639966019900516,1.0,0.0,0.07539125404137925
2023-01-21,100000.0,22777.625,False,1.3700761074811552,1.0,0.0,0.004457126566322689
2023-01-22,100000.0,22720.416015625,False,1.3666349821388313,1.0,0.0,-0.002511630794474806
2023-01-23,100000.0,22934.431640625,False,1.3795080404335458,1.0,0.0,0.009419529327844067
2023-01-24,100000.0,22636.46875,False,1.361585546874128,1.0,0.0,-0.012991945703908492
2023-01-25,100000.0,23117.859375,False,1.3905412344700878,1.0,0.0,0.021266153759075257
2023-01-26,100000.0,23032.77734375,False,1.385423542955209,1.0,0.0,-0.003680359408276712
2023-01-27,100000.0,23078.728515625,False,1.3881875099050862,1.0,0.0,0.0019950339114214177
2023-01-28,100000.0,23031.08984375,False,1.3853220396847243,1.0,0.0,-0.0020641809553219037
2023-01-29,100000.0,23774.56640625,False,1.4300422190165671,1.0,0.0,0.03228143207915779
2023-01-30,100000.0,22840.138671875,False,1.373836310233938,1.0,0.0,-0.03930367092328346
2023-01-31,100000.0,23139.283203125,False,1.3918298795788224,1.0,0.0,0.013097316769725253
2023-02-01,100000.0,23723.76953125,False,1.426986782605958,1.0,0.0,0.025259482888651652
2023-02-02,100000.0,23471.87109375,False,1.411835069873371,1.0,0.0,-0.010617976926819761
2023-02-03,100000.0,23449.322265625,False,1.4104787559176466,1.0,0.0,-0.0009606745041728093
2023-02-04,100000.0,23331.84765625,False,1.4034126480358824,1.0,0.0,-0.005009723012217249
2023-02-05,100000.0,22955.666015625,False,1.3807852899204784,1.0,0.0,-0.016123096900310552
2023-02-06,100000.0,22760.109375,False,1.3690225411273278,1.0,0.0,-0.008518883333286431
2023-02-07,100000.0,23264.291015625,False,1.3993491102780167,1.0,0.0,0.0221519867201867
2023-02-08,100000.0,22939.3984375,False,1.3798067936937803,1.0,0.0,-0.013965290320121615
2023-02-09,100000.0,21819.0390625,False,1.3124170806978022,1.0,0.0,-0.04883996317743444
2023-02-10,100000.0,21651.18359375,False,1.3023205597811383,1.0,0.0,-0.007693073387383564
2023-02-11,100000.0,21870.875,False,1.3155350168073674,1.0,0.0,0.010146854341645195
2023-02-12,100000.0,21788.203125,False,1.3105622963987134,1.0,0.0,-0.003779998514005456
2023-02-13,100000.0,21808.1015625,False,1.3117591891298457,1.0,0.0,0.0009132665684197239
2023-02-14,100000.0,22220.8046875,False,1.3365833176790385,1.0,0.0,0.018924303145655852
2023-02-15,100000.0,24307.841796875,False,1.4621187797380206,1.0,0.0,0.09392266116037806
2023-02-16,100000.0,23623.474609375,False,1.420954034408434,1.0,0.0,-0.028154173176657027
2023-02-17,100000.0,24565.6015625,False,1.4776230518626496,1.0,0.0,0.039880964536483265
2023-02-18,100000.0,24641.27734375,False,1.4821749566290858,1.0,0.0,0.0030805588480080637
2023-02-19,100000.0,24327.642578125,False,1.463309798437296,1.0,0.0,-0.012728023845912761
2023-02-20,99800.0,24829.1484375,True,1.49347541911511,0.998,-0.0020000000000000018,0.020614650916729094
2023-02-21,98221.17286858219,24436.353515625,True,1.469848770700235,0.9822117286858218,-0.015819911136451092,-0.015819911136451092
2023-02-22,97226.31496310253,24188.84375,True,1.454961036959291,0.9722631496310253,-0.010128752044233358,-0.010128752044233469
2023-02-23,96256.20976605432,23947.4921875,True,1.4404437196672337,0.9625620976605432,-0.009977804850635041,-0.00997780485063493
2023-02-24,93244.15920866698,23198.126953125,True,1.3953693362144284,0.9324415920866699,-0.031292012896705246,-0.03129201289670536
2023-02-25,93152.70843146491,23175.375,True,1.3940008042724419,0.9315270843146491,-0.0009807668166905703,-0.0009807668166904593
2023-02-26,94703.57198932327,23561.212890625,True,1.4172089866578415,0.9470357198932328,0.01664861477430235,0.01664861477430235
2023-02-27,94549.45831370701,23522.87109375,True,1.4149027242702426,0.9454945831370701,-0.0016273269569350157,-0.0016273269569350157
2023-02-28,93040.07693515465,23147.353515625,True,1.3923153095714647,0.9304007693515465,-0.01596393470118429,-0.01596393470118429
2023-03-01,95046.58502119641,23646.55078125,True,1.422342068136185,0.9504658502119642,0.02156606219747892,0.02156606219747892
2023-03-02,94358.91819751923,23475.466796875,True,1.412051351726337,0.9435891819751924,-0.007235050302163093,-0.007235050302163093
2023-03-03,89706.3323598681,22362.6796875,False,1.3451171111605313,0.897063323598681,-0.0493073249092576,-0.047402129167592566
2023-03-04,89706.3323598681,22353.349609375,False,1.344555906156937,0.897063323598681,0.0,-0.0004172164631153219
2023-03-05,89706.3323598681,22435.513671875,False,1.349498081599936,0.897063323598681,0.0,0.0036756935285233716
2023-03-06,89706.3323598681,22429.7578125,False,1.3491518661622988,0.897063323598681,0.0,-0.00025655126328649747
2023-03-07,89706.3323598681,22219.76953125,False,1.336521052941357,0.897063323598681,0.0,-0.00936203961743054
2023-03-08,89706.3323598681,21718.080078125,False,1.3063443890836521,0.897063323598681,0.0,-0.02257851740628647
2023-03-09,89706.3323598681,20363.021484375,False,1.2248374978456988,0.897063323598681,0.0,-0.06239311158608574
2023-03-10,89706.3323598681,20187.244140625,False,1.214264475464815,0.897063323598681,0.0,-0.008632183779056501
2023-03-11,89706.3323598681,20632.41015625,False,1.2410412496838303,0.897063323598681,0.0,0.022051846825845045
2023-03-12,89706.3323598681,22163.94921875,False,1.333163456332036,0.897063323598681,0.0,0.07422977009964415
2023-03-13,89526.91969514836,24197.533203125,True,1.455483708313905,0.8952691969514837,-0.0020000000000000018,0.09175187888693825
2023-03-14,91556.43183769239,24746.07421875,True,1.4884784976952061,0.9155643183769239,0.022669294883089774,0.022669294883089997
2023-03-15,90187.07316255698,24375.9609375,True,1.466216151919381,0.9018707316255697,-0.014956444322371087,-0.014956444322371198
2023-03-16,92691.22665149474,25052.7890625,True,1.5069274219896263,0.9269122665149474,0.027766213062754286,0.027766213062754286
2023-03-17,101464.05959022023,27423.9296875,True,1.6495517350069155,1.0146405959022022,0.0946457745317153,0.0946457745317153
2023-03-18,99769.34653145386,26965.87890625,True,1.6219999410247201,0.9976934653145386,-0.0167025946488909,-0.01670259464889101
2023-03-19,103738.51970588834,28038.67578125,True,1.6865287655451848,1.0373851970588834,0.039783493752594046,0.039783493752594046
2023-03-20,102734.23807445003,27767.236328125,True,1.6702016590380615,1.0273423807445003,-0.00968089417783835,-0.00968089417783835
2023-03-21,104245.91761369373,28175.81640625,True,1.6947777859622621,1.0424591761369373,0.01471446683770794,0.014714466837708162
2023-03-22,101033.05752782497,27307.4375,True,1.6425447198856302,1.0103305752782497,-0.030820008681536337,-0.030820008681536337
2023-03-23,104831.06990067179,28333.97265625,True,1.7042908980349132,1.048310699006718,0.037591779025403005,0.037591779025403005
2023-03-24,101720.66349397678,27493.28515625,True,1.6537234724315826,1.017206634939768,-0.02967065403073854,-0.02967065403073854
2023-03-25,101725.92419918475,27494.70703125,True,1.653808998335417,1.0172592419918476,5.17171735541222e-05,5.17171735541222e-05
2023-03-26,103574.44784909328,27994.330078125,True,1.6838613676790326,1.0357444784909329,0.018171608313816145,0.018171608313816145
2023-03-27,100413.15423625201,27139.888671875,True,1.6324666434289967,1.0041315423625201,-0.030521945117653382,-0.03052194511765316
2023-03-28,100887.62937904715,27268.130859375,True,1.6401804220632865,1.0088762937904716,0.004725228944395088,0.004725228944394866
2023-03-29,104884.60191190886,28348.44140625,True,1.70516119459481,1.0488460191190887,0.03961806375531518,0.0396180637553154
2023-03-30,103719.60140062124,28033.5625,True,1.6862212012371651,1.0371960140062124,-0.0111074503792854,-0.0111074503792854
2023-03-31,105365.73965113495,28478.484375,True,1.7129832903765383,1.0536573965113496,0.015871042968584437,0.015871042968584437
2023-04-01,105116.18856095392,28411.03515625,True,1.7089262140537151,1.0511618856095393,-0.0023684272611504964,-0.0023684272611504964
2023-04-02,104332.83486951981,28199.30859375,True,1.696190843065723,1.043328348695198,-0.007452264985615131,-0.007452264985614909
2023-04-03,102819.27650698755,27790.220703125,True,1.6715841711758672,1.0281927650698754,-0.014507018470504951,-0.014507018470504951
2023-04-04,104217.33059473398,28168.08984375,True,1.6943130325617557,1.04217330594734,0.0135971982612757,0.0135971982612757
2023-04-05,104253.93874388719,28177.984375,True,1.6949081894694822,1.042539387438872,0.000351267384649967,0.000351267384649967
2023-04-06,103758.73873497058,28044.140625,True,1.6868574763678887,1.037587387349706,-0.004749940528703922,-0.004749940528704033
2023-04-07,103321.11743360487,27925.859375,True,1.6797428489829878,1.0332111743360488,-0.004217681389550365,-0.004217681389550476
2023-04-08,103402.27537342717,27947.794921875,True,1.6810622740186518,1.0340227537342717,0.0007854922772629891,0.0007854922772632111
2023-04-09,104827.6591137787,28333.05078125,True,1.7042354471741854,1.048276591137787,0.013784839213681677,0.013784839213681899
2023-04-10,109711.1833203203,29652.98046875,True,1.783629331672627,1.097111833203203,0.046586218254106804,0.04658621825410658
2023-04-11,111864.77728858676,30235.05859375,True,1.8186413810741748,1.1186477728858677,0.019629666758571807,0.019629666758571807
2023-04-12,111509.571293398,30139.052734375,True,1.8128666203557995,1.11509571293398,-0.003175315803583212,-0.003175315803583323
2023-04-13,112471.57940084374,30399.06640625,True,1.8285064651356826,1.1247157940084374,0.008627134839524597,0.00862713483952482
2023-04-14,112792.10665387177,30485.69921875,True,1.8337174362764466,1.1279210665387178,0.002849851088920108,0.002849851088919886
2023-04-15,112173.48240738372,30318.49609375,True,1.8236601538925858,1.1217348240738372,-0.005484641300179449,-0.005484641300179338
2023-04-16,112161.86260796833,30315.35546875,True,1.8234712450280726,1.1216186260796832,-0.00010358775680330279,-0.00010358775680330279
2023-04-17,108941.85576735962,29445.044921875,True,1.771121990601314,1.0894185576735962,-0.028708571396173888,-0.028708571396173888
2023-04-18,112465.97906219515,30397.552734375,True,1.8284154176419027,1.1246597906219515,0.032348662229154,0.032348662229154
2023-04-19,106639.20607611974,28822.6796875,True,1.7336866680975809,1.0663920607611974,-0.0518092051895368,-0.0518092051895368
2023-04-20,104505.54208719882,28245.98828125,True,1.6989986302932516,1.0450554208719882,-0.020008250880993006,-0.020008250880993006
2023-04-21,100920.11134320895,27276.91015625,True,1.6407084975272088,1.0092011134320895,-0.034308522518338824,-0.034308522518338824
2023-04-22,102920.2054488002,27817.5,True,1.673225023234733,1.029202054488002,0.019818587979846036,0.019818587979846036
2023-04-23,102083.61602210914,27591.384765625,True,1.6596241723929666,1.0208361602210914,-0.008128524647254554,-0.008128524647254443
2023-04-24,101839.26060094532,27525.33984375,True,1.6556515646482435,1.0183926060094532,-0.002393679129772286,-0.002393679129772508
2023-04-25,104733.48670956143,28307.59765625,True,1.702704439511041,1.0473348670956144,0.02841955147295372,0.02841955147295394
2023-04-26,105159.35091288683,28422.701171875,True,1.709627925899323,1.0515935091288684,0.004066170397882152,0.00406617039788193
2023-04-27,109048.19716549202,29473.787109375,True,1.772850835657394,1.0904819716549201,0.03698050833184263,0.036980508331842854
2023-04-28,108554.17503425246,29340.26171875,True,1.7648192718996536,1.0855417503425246,-0.00453030993708059,-0.00453030993708059
2023-04-29,108214.62830854948,29248.48828125,True,1.7592990917219502,1.0821462830854949,-0.0031279011203009244,-0.0031279011203008134
2023-04-30,108289.80291882207,29268.806640625,True,1.7605212427900665,1.0828980291882206,0.000694680667924441,0.000694680667924441
2023-05-01,103726.34517667076,28091.568359375,False,1.6897102586794401,1.0372634517667076,-0.04214115843919519,-0.04022160164248023
2023-05-02,103518.89248631742,28680.537109375,True,1.7251367797688004,1.0351889248631743,-0.0020000000000000018,0.020966033026897257
2023-05-03,104694.72483344247,29006.30859375,True,1.7447319626397477,1.0469472483344247,0.011358625646815668,0.01135862564681589
2023-05-04,104122.2859818507,28847.7109375,True,1.7351922999431042,1.041222859818507,-0.005467695268338124,-0.005467695268338013
2023-05-05,106600.75121824979,29534.384765625,True,1.7764957899051472,1.066007512182498,0.023803407820215394,0.023803407820215172
2023-05-06,104327.70328310599,28904.623046875,True,1.7386155682285835,1.0432770328310599,-0.021323001096775207,-0.021323001096774985
2023-05-07,102499.35678419376,28454.978515625,False,1.7115694109086175,1.0249935678419375,-0.017525033537360568,-0.015556145829018653
2023-05-08,102499.35678419376,27694.2734375,False,1.665812934876606,1.0249935678419375,0.0,-0.026733637409259825
2023-05-09,102499.35678419376,27658.775390625,False,1.6636777242966758,1.0249935678419375,0.0,-0.0012817829272578907
2023-05-10,102499.35678419376,27621.755859375,False,1.6614509963004171,1.0249935678419375,0.0,-0.0013384371045780386
2023-05-11,102499.35678419376,27000.7890625,False,1.6240997899328726,1.0249935678419375,0.0,-0.022481076150133283
2023-05-12,102499.35678419376,26804.990234375,False,1.6123224735407171,1.0249935678419375,0.0,-0.007251596524522896
2023-05-13,102499.35678419376,26784.078125,False,1.6110646083589117,1.0249935678419375,0.0,-0.0007801573211611013
2023-05-14,102499.35678419376,26930.638671875,False,1.6198802378888917,1.0249935678419375,0.0,0.005471927993601522
2023-05-15,102499.35678419376,27192.693359375,False,1.635642849934581,1.0249935678419375,0.0,0.009730726801280065
2023-05-16,102499.35678419376,27036.650390625,False,1.62625685191131,1.0249935678419375,0.0,-0.005738415341494774
2023-05-17,102499.35678419376,27398.802734375,False,1.6480403466101725,1.0249935678419375,0.0,0.013394867282656264
2023-05-18,102499.35678419376,26832.208984375,False,1.6139596836998318,1.0249935678419375,0.0,-0.02067950762275983
2023-05-19,102499.35678419376,26890.12890625,False,1.617443571994073,1.0249935678419375,0.0,0.0021585968530855038
2023-05-20,102499.35678419376,27129.5859375,False,1.6318469330681091,1.0249935678419375,0.0,0.008905016115201336
2023-05-21,102499.35678419376,26753.826171875,False,1.6092449507703264,1.0249935678419375,0.0,-0.013850552916312875
2023-05-22,102499.35678419376,26851.27734375,False,1.6151066471601816,1.0249935678419375,0.0,0.0036425134576618667
2023-05-23,102499.35678419376,27225.7265625,False,1.6376297999504468,1.0249935678419375,0.0,0.013945303754316907
2023-05-24,102499.35678419376,26334.818359375,False,1.5840415947244615,1.0249935678419375,0.0,-0.032723027651064274
2023-05-25,102499.35678419376,26476.20703125,False,1.5925461355273078,1.0249935678419375,0.0,0.005368887301425707
2023-05-26,102499.35678419376,26719.291015625,False,1.6071676581445038,1.0249935678419375,0.0,0.009181223884829226
2023-05-27,102499.35678419376,26868.353515625,False,1.6161337803706537,1.0249935678419375,0.0,0.005578834405180588
2023-05-28,102499.35678419376,28085.646484375,False,1.6893540573876464,1.0249935678419375,0.0,0.0453058267244435
2023-05-29,102499.35678419376,27745.884765625,False,1.6689173607129006,1.0249935678419375,0.0,-0.0120973437068298
2023-05-30,102499.35678419376,27702.349609375,False,1.6662987173111596,1.0249935678419375,0.0,-0.0015690671469931194
2023-05-31,102499.35678419376,27219.658203125,False,1.637264787610868,1.0249935678419375,0.0,-0.01742420455507676
2023-06-01,102499.35678419376,26819.97265625,False,1.6132236675081806,1.0249935678419375,0.0,-0.014683709247646282
2023-06-02,102499.35678419376,27249.58984375,False,1.6390651783749632,1.0249935678419375,0.0,0.01601855426947596
2023-06-03,102499.35678419376,27075.12890625,False,1.6285713379435085,1.0249935678419375,0.0,-0.0064023326039167605
2023-06-04,102499.35678419376,27119.06640625,False,1.6312141823564994,1.0249935678419375,0.0,0.001622799291266075
2023-06-05,102499.35678419376,25760.09765625,False,1.5494720948830016,1.0249935678419375,0.0,-0.05011119223804861
2023-06-06,102499.35678419376,27238.783203125,False,1.6384151580096948,1.0249935678419375,0.0,0.05740217163020889
2023-06-07,102499.35678419376,26345.998046875,False,1.5847140538914228,1.0249935678419375,0.0,-0.03277624957004599
2023-06-08,102499.35678419376,26508.216796875,False,1.5944715256893147,1.0249935678419375,0.0,0.0061572444403654725
2023-06-09,102499.35678419376,26480.375,False,1.592796839206954,1.0249935678419375,0.0,-0.0010503081775867784
2023-06-10,102499.35678419376,25851.240234375,False,1.5549543288149106,1.0249935678419375,0.0,-0.02375852931180167
2023-06-11,102499.35678419376,25940.16796875,False,1.5603033397043082,1.0249935678419375,0.0,0.0034399794195076883
2023-06-12,102499.35678419376,25902.5,False,1.558037608136521,1.0249935678419375,0.0,-0.001452109670044388
2023-06-13,102499.35678419376,25918.728515625,False,1.5590137547504763,1.0249935678419375,0.0,0.0006265231396582749
2023-06-14,102499.35678419376,25124.67578125,False,1.5112514143200204,1.0249935678419375,0.0,-0.030636253390914026
2023-06-15,102499.35678419376,25576.39453125,False,1.5384223360766236,1.0249935678419375,0.0,0.01797908772765555
2023-06-16,102499.35678419376,26327.462890625,False,1.5835991626450108,1.0249935678419375,0.0,0.029365685552642073
2023-06-17,102499.35678419376,26510.67578125,False,1.5946194338114679,1.0249935678419375,0.0,0.006959002900740696
2023-06-18,102499.35678419376,26336.212890625,False,1.584125475899376,1.0249935678419375,0.0,-0.006580854145875614
2023-06-19,102499.35678419376,26851.029296875,False,1.6150917271192655,1.0249935678419375,0.0,0.019547852547670663
2023-06-20,102294.35807062537,28327.48828125,True,1.7039008623196246,1.0229435807062537,-0.0020000000000000018,0.05498705349618871
2023-06-21,108432.59479723556,30027.296875,True,1.806144495779567,1.0843259479723557,0.06000562340273241,0.06000562340273241
2023-06-22,108017.25795513178,29912.28125,True,1.7992262960199557,1.0801725795513177,-0.0038303689299371557,-0.0038303689299372667
2023-06-23,110845.45302015159,30695.46875,True,1.8463350916660293,1.1084545302015159,0.02618280743799839,0.02618280743799839
2023-06-24,110315.43445931718,30548.6953125,True,1.8375066567466016,1.1031543445931717,-0.0047815994828227515,-0.0047815994828226405
2023-06-25,110068.31157734407,30480.26171875,True,1.8333903701826624,1.1006831157734407,-0.002240147837737405,-0.002240147837737516
2023-06-26,109313.11200581396,30271.130859375,True,1.8208111309614228,1.0931311200581397,-0.006861189753050945,-0.006861189753050945
2023-06-27,110819.0748142443,30688.1640625,True,1.845895714083144,1.1081907481424431,0.013776598074988877,0.013776598074988655
2023-06-28,108645.4683295066,30086.24609375,True,1.809690296369578,1.0864546832950661,-0.01961401038928645,-0.01961401038928634
2023-06-29,109942.24632269518,30445.3515625,True,1.8312905212745099,1.0994224632269518,0.011935868224670187,0.01193586822467041
2023-06-30,110057.44291015071,30477.251953125,True,1.8332093325208372,1.1005744291015072,0.0010477918298796851,0.001047791829879463
2023-07-01,110464.87334347855,30590.078125,True,1.83999583648622,1.1046487334347856,0.0037019798257575953,0.0037019798257575953
2023-07-02,110575.70412626654,30620.76953125,True,1.8418419272181608,1.1057570412626654,0.0010033124506769742,0.0010033124506771962
2023-07-03,112510.08003181462,31156.439453125,True,1.8740625192007416,1.1251008003181462,0.01749367929268808,0.01749367929268808
2023-07-04,111141.97508773289,30777.58203125,True,1.8512742126124628,1.111419750877329,-0.012159843310882601,-0.01215984331088249
2023-07-05,110190.74453893352,30514.166015625,True,1.8354297165626905,1.1019074453893352,-0.0085586975402272,-0.0085586975402272
2023-07-06,108006.6290898103,29909.337890625,True,1.7990492526997932,1.0800662908981031,-0.01982122417143206,-0.019821224171432172
2023-07-07,109569.98918157579,30342.265625,True,1.8250898932465198,1.0956998918157579,0.014474667943441766,0.014474667943441766
2023-07-08,109390.42695050799,30292.541015625,True,1.8220989537056975,1.0939042695050798,-0.0016387902600797366,-0.0016387902600797366
2023-07-09,108952.37240754126,30171.234375,True,1.8148023488138745,1.0895237240754125,-0.004004505286051341,-0.004004505286051341
2023-07-10,109830.7313992727,30414.470703125,True,1.829433034920767,1.098307313992727,0.008061862007427534,0.008061862007427312
2023-07-11,110576.36005491612,30620.951171875,True,1.8418528529174143,1.1057636005491611,0.006788889103658935,0.006788889103658935
2023-07-12,109748.31008530679,30391.646484375,True,1.8280601561952063,1.0974831008530679,-0.007488490028050188,-0.007488490028050299
2023-07-13,113664.23233520183,31476.048828125,True,1.8932870506615276,1.1366423233520182,0.035680934374763495,0.035680934374763495
2023-07-14,109540.38775639053,30334.068359375,True,1.824596827012464,1.0954038775639052,-0.036280934592069936,-0.036280934592069825
2023-07-15,109402.21956020773,30295.806640625,True,1.8222953813309875,1.0940221956020773,-0.001261344778969331,-0.001261344778969553
2023-07-16,109233.67410925413,30249.1328125,True,1.8194879465453702,1.0923367410925413,-0.001540603578530142,-0.001540603578530031
2023-07-17,108860.84567543997,30145.888671875,True,1.8132778025857723,1.0886084567543997,-0.0034131272874815544,-0.0034131272874815544
2023-07-18,107816.05007862828,29856.5625,True,1.795874808403766,1.078160500786283,-0.009597533349379406,-0.009597533349379406
2023-07-19,108023.18952496279,29913.923828125,True,1.7993250972357864,1.080231895249628,0.0019212301525000086,0.0019212301525000086
2023-07-20,107582.96265915663,29792.015625,True,1.7919923083077256,1.0758296265915663,-0.0040752996439197275,-0.0040752996439197275
2023-07-21,108004.4849789558,29908.744140625,True,1.7990135385861041,1.080044849789558,0.00391811407104159,0.0039181140710413676
2023-07-22,107509.97120115276,29771.802734375,True,1.7907765011940144,1.0750997120115275,-0.004578641136054773,-0.004578641136054662
2023-07-23,108639.30401079993,30084.5390625,True,1.809587618292722,1.0863930401079993,0.010504447141318485,0.010504447141318263
2023-07-24,105361.75550284989,29176.916015625,True,1.7549940137741349,1.053617555028499,-0.03016908602087698,-0.03016908602087698
2023-07-25,105544.02608447074,29227.390625,True,1.7580300658796169,1.0554402608447073,0.0017299501204297574,0.0017299501204297574
2023-07-26,106004.74190433054,29354.97265625,True,1.7657041360585553,1.0600474190433054,0.004365152978824893,0.004365152978825115
2023-07-27,105483.7159136918,29210.689453125,True,1.7570254889514747,1.0548371591369181,-0.004915119656712652,-0.004915119656712874
2023-07-28,105875.72849725673,29319.24609375,True,1.76355518024408,1.0587572849725673,0.0037163327075591113,0.0037163327075591113
2023-07-29,106011.76668857751,29356.91796875,True,1.7658211467731417,1.060117666885775,0.001284885528077373,0.001284885528077373
2023-07-30,105505.63016543598,29275.30859375,False,1.7609123358310892,1.05505630165436,-0.004774342876752047,-0.002779902682116364
2023-07-31,105505.63016543598,29230.111328125,False,1.7581937164071462,1.05505630165436,0.0,-0.0015438698273755325
2023-08-01,105294.61890510512,29675.732421875,True,1.7849978636146138,1.0529461890510512,-0.0020000000000000018,0.015245275282999904
2023-08-02,103229.30801585493,29151.958984375,False,1.7534928461928225,1.0322930801585493,-0.019614591046780094,-0.017649890828437043
2023-08-03,103229.30801585493,29178.6796875,False,1.7551000987894678,1.0322930801585493,0.0,0.0009166006009861949
2023-08-04,103229.30801585493,29074.091796875,False,1.7488091281515208,1.0322930801585493,0.0,-0.0035843942133477746
2023-08-05,103229.30801585493,29042.126953125,False,1.746886440044168,1.0322930801585493,0.0,-0.0010994270766330194
2023-08-06,103229.30801585493,29041.85546875,False,1.7468701102356063,1.0322930801585493,0.0,-9.347950838289876e-06
2023-08-07,103229.30801585493,29180.578125,False,1.755214289968763,1.0322930801585493,0.0,0.004776645775930843
2023-08-08,103229.30801585493,29765.4921875,False,1.790396921255431,1.0322930801585493,0.0,0.020044635853149417
2023-08-09,103229.30801585493,29561.494140625,False,1.7781264211485823,1.0322930801585493,0.0,-0.006853508270246889
2023-08-10,103229.30801585493,29429.591796875,False,1.7701924838003011,1.0322930801585493,0.0,-0.004461964714047917
2023-08-11,103229.30801585493,29397.71484375,False,1.7682750823216196,1.0322930801585493,0.0,-0.001083159880198581
2023-08-12,103229.30801585493,29415.96484375,False,1.7693728213950097,1.0322930801585493,0.0,0.0006207965516027425
2023-08-13,103229.30801585493,29282.9140625,False,1.7613698054320932,1.0322930801585493,0.0,-0.004523080645381872
2023-08-14,103229.30801585493,29408.443359375,False,1.7689204034614026,1.0322930801585493,0.0,0.004286776125049574
2023-08-15,103229.30801585493,29170.34765625,False,1.7545989263914494,1.0322930801585493,0.0,-0.008096168172366025
2023-08-16,103229.30801585493,28701.779296875,False,1.7264144991782817,1.0322930801585493,0.0,-0.016063173634291772
2023-08-17,103229.30801585493,26664.55078125,False,1.6038750283275187,1.0322930801585493,0.0,-0.07097917151940503
2023-08-18,103229.30801585493,26049.556640625,False,1.5668830777483331,1.0322930801585493,0.0,-0.02306411031148725
2023-08-19,103229.30801585493,26096.205078125,False,1.5696889852856677,1.0322930801585493,0.0,0.0017907574452631358
2023-08-20,103229.30801585493,26189.583984375,False,1.5753057345470962,1.0322930801585493,0.0,0.003578256147606318
2023-08-21,103229.30801585493,26124.140625,False,1.5713693108386109,1.0322930801585493,0.0,-0.002498831574187732
2023-08-22,103229.30801585493,26031.65625,False,1.5658063677089902,1.0322930801585493,0.0,-0.0035401882238949023
2023-08-23,103229.30801585493,26431.640625,False,1.5898654623491593,1.0322930801585493,0.0,0.015365306423789304
2023-08-24,103229.30801585493,26162.373046875,False,1.5736689943105302,1.0322930801585493,0.0,-0.01018731988472621
2023-08-25,103229.30801585493,26047.66796875,False,1.5667694739722235,1.0322930801585493,0.0,-0.004384352975912553
2023-08-26,103229.30801585493,26008.462890625,False,1.564411285143011,1.0322930801585493,0.0,-0.0015051281432193475
2023-08-27,103229.30801585493,26089.693359375,False,1.5692973048414594,1.0322930801585493,0.0,0.0031232321991347956
2023-08-28,103229.30801585493,26106.150390625,False,1.5702871966899596,1.0322930801585493,0.0,0.0006307866874213364
2023-08-29,103229.30801585493,27727.392578125,False,1.6678050540405056,1.0322930801585493,0.0,0.062101924766441385
2023-08-30,103229.30801585493,27297.265625,False,1.6419328807274307,1.0322930801585493,0.0,-0.015512708305083778
2023-08-31,103229.30801585493,25931.47265625,False,1.5597803159077828,1.0322930801585493,0.0,-0.05003405789842741
2023-09-01,103229.30801585493,25800.724609375,False,1.5519158096160486,1.0322930801585493,0.0,-0.005042060225742162
2023-09-02,103229.30801585493,25868.798828125,False,1.556010479742755,1.0322930801585493,0.0,0.0026384615075991658
2023-09-03,103229.30801585493,25969.56640625,False,1.5620716582544656,1.0322930801585493,0.0,0.0038953327054152
2023-09-04,103229.30801585493,25812.416015625,False,1.5526190487099392,1.0322930801585493,0.0,-0.006051329012069284
2023-09-05,103229.30801585493,25779.982421875,False,1.5506681652496739,1.0322930801585493,0.0,-0.0012565113521479931
2023-09-06,103229.30801585493,25753.236328125,False,1.549059385404746,1.0322930801585493,0.0,-0.0010374752516240093
2023-09-07,103229.30801585493,26240.1953125,False,1.578350010297178,1.0322930801585493,0.0,0.018908652030005024
2023-09-08,103229.30801585493,25905.654296875,False,1.5582273393654942,1.0322930801585493,0.0,-0.012749181613965987
2023-09-09,103229.30801585493,25895.677734375,False,1.557627248271008,1.0322930801585493,0.0,-0.0003851113886440549
2023-09-10,103229.30801585493,25832.2265625,False,1.5538106548124004,1.0322930801585493,0.0,-0.0024502611024840304
2023-09-11,103229.30801585493,25162.654296875,False,1.513535825309112,1.0322930801585493,0.0,-0.02592003689674205
2023-09-12,103229.30801585493,25833.34375,False,1.5538778537368416,1.0322930801585493,0.0,0.026654161568650414
2023-09-13,103229.30801585493,26228.32421875,False,1.5776359629846708,1.0322930801585493,0.0,0.01528956036711282
2023-09-14,103229.30801585493,26539.673828125,False,1.5963636688310125,1.0322930801585493,0.0,0.011870739692642074
2023-09-15,103229.30801585493,26608.693359375,False,1.6005151995860922,1.0322930801585493,0.0,0.0026006171627044328
2023-09-16,103229.30801585493,26568.28125,False,1.59808440772313,1.0322930801585493,0.0,-0.00151875587535244
2023-09-17,103229.30801585493,26534.1875,False,1.5960336657213,1.0322930801585493,0.0,-0.0012832501161511578
2023-09-18,103229.30801585493,26754.28125,False,1.609272323758779,1.0322930801585493,0.0,0.008294723552398242
2023-09-19,103022.84939982322,27211.1171875,True,1.6367510447846763,1.0302284939982322,-0.0019999999999998908,0.017075246134672373
2023-09-20,102517.89009801936,27132.0078125,False,1.6319926090581565,1.0251789009801935,-0.004901430165692333,-0.002907244655002361
2023-09-21,102517.89009801936,26567.6328125,False,1.5980454041516012,1.0251789009801935,0.0,-0.02080107760178318
2023-09-22,102517.89009801936,26579.568359375,False,1.5987633283251337,1.0251789009801935,0.0,0.0004492514240630463
2023-09-23,102517.89009801936,26579.390625,False,1.5987526375871546,1.0251789009801935,0.0,-6.686879658657219e-06
2023-09-24,102517.89009801936,26256.826171875,False,1.579350357922383,1.0251789009801935,0.0,-0.012135885945466551
2023-09-25,102517.89009801936,26298.48046875,False,1.5818558674705632,1.0251789009801935,0.0,0.0015864178176880905
2023-09-26,102517.89009801936,26217.25,False,1.5769698477721148,1.0251789009801935,0.0,-0.0030887894396227633
2023-09-27,102517.89009801936,26352.716796875,False,1.5851181872831674,1.0251789009801935,0.0,0.005167086436411061
2023-09-28,102312.85431782332,27021.546875,True,1.6253483741443444,1.0231285431782333,-0.0019999999999997797,0.02537992888096885
2023-09-29,101897.01472228458,26911.720703125,True,1.6187423204376012,1.0189701472228458,-0.004064392478456247,-0.004064392478456136
2023-09-30,102109.78947007212,26967.916015625,True,1.622122473329252,1.0210978947007212,0.0020881352448591795,0.0020881352448591795
2023-10-01,105956.08572155026,27983.75,True,1.6832249750676718,1.0595608572155026,0.037668241913332734,0.03766824191333251
2023-10-02,104241.00529761767,27530.78515625,True,1.6559791006645763,1.0424100529761766,-0.016186709920936404,-0.016186709920936182
2023-10-03,103859.3167442478,27429.978515625,True,1.6499155725401229,1.038593167442478,-0.003661597010505724,-0.003661597010505724
2023-10-04,105258.05261840606,27799.39453125,True,1.6721359777284908,1.0525805261840606,0.013467601347721514,0.013467601347721292
2023-10-05,103806.05650048422,27415.912109375,True,1.649069476991476,1.0380605650048422,-0.01379463216164356,-0.01379463216164356
2023-10-06,105815.41419185422,27946.59765625,True,1.680990258388088,1.058154141918542,0.01935684447622399,0.01935684447622399
2023-10-07,105899.63075058509,27968.83984375,True,1.6823281278837825,1.0589963075058508,0.0007958817661308792,0.0007958817661306572
2023-10-08,105771.8416625214,27935.08984375,True,1.6802980624740882,1.057718416625214,-0.001206700034343311,-0.001206700034343422
2023-10-09,104441.27475906748,27583.677734375,True,1.6591605937988316,1.0444127475906748,-0.012579594744121625,-0.012579594744121514
2023-10-10,103711.80465283539,27391.01953125,True,1.6475721862711892,1.0371180465283538,-0.006984500217130596,-0.006984500217130596
2023-10-11,101751.61765860286,26873.3203125,True,1.6164325336308882,1.0175161765860286,-0.01890032673516817,-0.018900326735168282
2023-10-12,101310.42731110334,26756.798828125,True,1.609423756300046,1.0131042731110333,-0.0043359541366684295,-0.0043359541366684295
2023-10-13,101710.17494740443,26862.375,True,1.6157741721403833,1.0171017494740444,0.0039457699163933935,0.003945769916393171
2023-10-14,101707.64578836983,26861.70703125,True,1.615733993762483,1.0170764578836984,-2.4866332556272575e-05,-2.4866332556272575e-05
2023-10-15,102835.7690410284,27159.65234375,True,1.6336554299961665,1.028357690410284,0.011091823470242623,0.011091823470242623
2023-10-16,107984.49345290013,28519.466796875,True,1.7154483865855439,1.0798449345290013,0.05006744695824206,0.05006744695824206
2023-10-17,107591.77865356366,28415.748046875,True,1.7092096948311222,1.0759177865356366,-0.0036367703063566736,-0.0036367703063566736
2023-10-18,107260.82858012462,28328.341796875,True,1.7039522013580526,1.0726082858012462,-0.0030759792019487975,-0.0030759792019486865
2023-10-19,108743.04888803005,28719.806640625,True,1.7274988454590385,1.0874304888803006,0.013818840741083749,0.013818840741083749
2023-10-20,112389.8373838495,29682.94921875,True,1.7854319545688278,1.1238983738384951,0.033535830870205396,0.033535830870205396
2023-10-21,113281.38073394756,29918.412109375,True,1.7995950677399228,1.1328138073394756,0.007932597562652521,0.007932597562652743
2023-10-22,113567.19049526038,29993.896484375,True,1.8041354594039196,1.1356719049526038,0.002523007395046406,0.002523007395046406
2023-10-23,125275.84350349053,33086.234375,True,1.990139850125252,1.2527584350349052,0.10309890521346299,0.10309890521346321
2023-10-24,128362.82261404762,33901.52734375,True,2.039179792484552,1.2836282261404761,0.024641455401344547,0.024641455401344547
2023-10-25,130639.52424769716,34502.8203125,True,2.075347616394235,1.3063952424769716,0.017736456610143003,0.017736456610143225
2023-10-26,129328.79867082166,34156.6484375,True,2.054525348268412,1.2932879867082165,-0.010033147199696835,-0.010033147199696835
2023-10-27,128394.14868910768,33909.80078125,True,2.0396774404634566,1.2839414868910768,-0.00722692850563722,-0.00722692850563722
2023-10-28,129074.8326486988,34089.57421875,True,2.0504908282279186,1.290748326486988,0.005301518539129857,0.005301518539129857
2023-10-29,130774.54584317557,34538.48046875,True,2.0774925778670474,1.3077454584317556,0.013168432293093613,0.013168432293093613
2023-10-30,130637.79377046297,34502.36328125,True,2.0753201259251455,1.3063779377046296,-0.0010457086417764438,-0.0010457086417764438
2023-10-31,131264.12299641588,34667.78125,True,2.0852700310066647,1.3126412299641588,0.004794395311462418,0.004794395311462418
2023-11-01,134177.61067144206,35437.25390625,True,2.1315538776187757,1.3417761067144207,0.022195613001625425,0.022195613001625203
2023-11-02,132288.1809685633,34938.2421875,True,2.101538279714583,1.322881809685633,-0.01408155722421811,-0.014081557224218
2023-11-03,131508.50483693398,34732.32421875,True,2.089152296141431,1.3150850483693397,-0.005893770145759314,-0.005893770145759425
2023-11-04,132833.23692612388,35082.1953125,True,2.1101970725939876,1.3283323692612388,0.010073356782761111,0.01007335678276089
2023-11-05,132708.89400212484,35049.35546875,True,2.108221753161198,1.3270889400212484,-0.000936082917772918,-0.0009360829177728069
2023-11-06,132663.51704353926,35037.37109375,True,2.1075008919717373,1.3266351704353927,-0.0003419285416156326,-0.0003419285416157436
2023-11-07,134201.49717343546,35443.5625,True,2.131933340076722,1.3420149717343546,0.011593090279608864,0.011593090279608864
2023-11-08,135003.12226417204,35655.27734375,True,2.144668006180891,1.3500312226417204,0.005973294692089848,0.005973294692089626
2023-11-09,138932.76983576393,36693.125,True,2.2070946321804605,1.3893276983576393,0.029107827327892632,0.029107827327892632
2023-11-10,141283.4974399874,37313.96875,True,2.2444384372678656,1.412834974399874,0.01691989303173269,0.016919893031732913
2023-11-11,140617.41160885914,37138.05078125,True,2.233856956281108,1.4061741160885914,-0.0047145338500074185,-0.004714533850007641
2023-11-12,140301.1336159015,37054.51953125,True,2.2288325443921146,1.4030113361590149,-0.002249209321512846,-0.002249209321512624
2023-11-13,138210.45088972614,36502.35546875,True,2.195619828428928,1.3821045088972614,-0.014901395821212304,-0.014901395821212304
2023-11-14,134557.70925641299,35537.640625,True,2.1375921474062447,1.34557709256413,-0.026428838121854925,-0.026428838121855036
2023-11-15,143428.88986949003,37880.58203125,True,2.2785202749845777,1.4342888986949003,0.06592844558740318,0.06592844558740318
2023-11-16,136894.37118670723,36154.76953125,True,2.174712504321819,1.3689437118670722,-0.04555929205565734,-0.04555929205565723
2023-11-17,138567.60955854118,36596.68359375,True,2.2012936732800044,1.3856760955854117,0.012222842746045792,0.012222842746046014
2023-11-18,138526.03373370937,36585.703125,True,2.2006331971380306,1.3852603373370938,-0.0003000399946585519,-0.000300039994658996
2023-11-19,141558.30314093918,37386.546875,True,2.2488040177438053,1.4155830314093918,0.021889527372586093,0.021889527372586093
2023-11-20,141900.62703483202,37476.95703125,True,2.2542421964367887,1.4190062703483202,0.0024182537251242753,0.0024182537251242753
2023-11-21,135603.39079878601,35813.8125,True,2.1542039094971464,1.35603390798786,-0.04437779006078846,-0.04437779006078846
2023-11-22,141731.69104364412,37432.33984375,True,2.2515584687620747,1.4173169104364411,0.045192824521265385,0.045192824521265385
2023-11-23,141191.3088536563,37289.62109375,True,2.2429739236453394,1.411913088536563,-0.003812712499291493,-0.003812712499291715
2023-11-24,142821.93607239862,37720.28125,True,2.2688781691723525,1.4282193607239861,0.011549062275727273,0.011549062275727495
2023-11-25,143111.63570988746,37796.79296875,True,2.273480355651482,1.4311163570988745,0.0020283973558654633,0.0020283973558652413
2023-11-26,141908.82091848797,37479.12109375,True,2.2543723649827343,1.4190882091848798,-0.008404730932136006,-0.008404730932136117
2023-11-27,141057.07114957456,37254.16796875,True,2.2408414151200633,1.4105707114957455,-0.006002091789647612,-0.006002091789647501
2023-11-28,143241.480664067,37831.0859375,True,2.2755430806783004,1.43241480664067,0.01548599794884531,0.01548599794884531
2023-11-29,143345.2501365039,37858.4921875,True,2.27719156897858,1.433452501365039,0.0007244373065389276,0.0007244373065389276
2023-11-30,142793.40538363997,37712.74609375,True,2.2684249288742855,1.4279340538363996,-0.0038497596002547985,-0.0038497596002547985
2023-12-01,146488.89128367812,38688.75,True,2.327131647979609,1.4648889128367812,0.025879947957747618,0.025879947957747618
2023-12-02,149470.94727030885,39476.33203125,True,2.3745047750592367,1.4947094727030885,0.020356874575942596,0.020356874575942596
2023-12-03,151371.91348808224,39978.390625,True,2.40470364275736,1.5137191348808223,0.012717964611113297,0.012717964611113297
2023-12-04,158951.06359457457,41980.09765625,True,2.525106493260547,1.5895106359457458,0.05006972516793251,0.05006972516793251
2023-12-05,166904.47007657195,44080.6484375,True,2.6514548038478667,1.6690447007657194,0.05003682455553471,0.05003682455553471
2023-12-06,165639.0622966672,43746.4453125,True,2.6313524570664075,1.656390622966672,-0.007581629055975481,-0.007581629055975592
2023-12-07,163920.890678359,43292.6640625,True,2.6040574757569894,1.63920890678359,-0.010372985662227885,-0.010372985662227885
2023-12-08,167229.91811983046,44166.6015625,True,2.6566248917269077,1.6722991811983046,0.02018673414826866,0.02018673414826888
2023-12-09,165561.5901620286,43725.984375,True,2.6301217299117803,1.6556159016202858,-0.009976252913108663,-0.009976252913108663
2023-12-10,165764.97300345957,43779.69921875,True,2.6333526823942695,1.6576497300345958,0.0012284421841561866,0.0012284421841559645
2023-12-11,156163.30914149623,41243.83203125,True,2.4808200524410067,1.5616330914149623,-0.05792335792051173,-0.05792335792051173
2023-12-12,156944.77491197461,41450.22265625,True,2.493234466328346,1.569447749119746,0.005004157345118054,0.005004157345118276
2023-12-13,162399.076459719,42890.7421875,True,2.579881840324782,1.62399076459719,0.03475299863154757,0.03475299863154757
2023-12-14,162903.53275909266,43023.97265625,True,2.5878956645063154,1.6290353275909266,0.0031062756659134827,0.0031062756659137047
2023-12-15,158760.45966194995,41929.7578125,True,2.522078547319027,1.5876045966194996,-0.025432678020983257,-0.02543267802098348
2023-12-16,159935.5868176023,42240.1171875,True,2.5407466904823415,1.5993558681760232,0.007401888090740938,0.00740188809074116
2023-12-17,156620.82069949093,41364.6640625,True,2.488088109538006,1.5662082069949093,-0.02072563201266575,-0.02072563201266575
2023-12-18,161387.35368426662,42623.5390625,True,2.563809549319605,1.6138735368426662,0.030433584522719714,0.030433584522719714
2023-12-19,160050.73011049302,42270.52734375,True,2.5425758640025347,1.6005073011049302,-0.008282083715112742,-0.008282083715112631
2023-12-20,165282.4065015783,43652.25,True,2.6256866008986566,1.652824065015783,0.032687613405284255,0.03268761340528448
2023-12-21,166103.6732484432,43869.15234375,True,2.6387332955750566,1.661036732484432,0.0049688697318008845,0.0049688697318006625
2023-12-22,166591.16495476026,43997.90234375,True,2.6464776191750015,1.6659116495476025,0.002934864092908551,0.002934864092908329
2023-12-23,165612.9276533097,43739.54296875,True,2.630937280494772,1.656129276533097,-0.005872083923035176,-0.005872083923034954
2023-12-24,162873.78925722968,43016.1171875,True,2.587423157383758,1.6287378925722968,-0.01653939964043183,-0.01653939964043194
2023-12-25,165134.32497962302,43613.140625,True,2.6233341686206635,1.6513432497962302,0.013879063861056418,0.013879063861056418
2023-12-26,160996.8426550831,42520.40234375,True,2.5576058667950496,1.6099684265508312,-0.02505525320099533,-0.025055253200995553
2023-12-27,164489.56691064613,43442.85546875,True,2.6130915017914034,1.6448956691064613,0.021694364920222586,0.021694364920222586
2023-12-28,161403.69708036736,42627.85546875,True,2.5640691815276737,1.6140369708036737,-0.01876027694786908,-0.01876027694786897
2023-12-29,159402.79210471825,42099.40234375,True,2.5322826804993066,1.5940279210471824,-0.012396896798794077,-0.012396896798794077
2023-12-30,159620.50684734527,42156.90234375,True,2.535741310456564,1.5962050684734528,0.0013658151137279084,0.0013658151137279084
2023-12-31,160030.51162861998,42265.1875,True,2.5422546719406074,1.6003051162861999,0.002568622223877659,0.002568622223877659
2024-01-01,167232.68392532444,44167.33203125,True,2.6566688294851963,1.6723268392532444,0.0450049945064126,0.0450049945064126
2024-01-02,170226.30600765723,44957.96875,True,2.704225696281303,1.7022630600765722,0.017900939051301412,0.017900939051301412
2024-01-03,162237.90543047944,42848.17578125,True,2.5773214673190603,1.6223790543047945,-0.04692812036242178,-0.046928120362421666
2024-01-04,167280.35339648524,44179.921875,True,2.657426109672169,1.6728035339648524,0.03108057856532498,0.03108057856532498
2024-01-05,167215.1129257157,44162.69140625,True,2.6563896954913635,1.672151129257157,-0.0003900067727314882,-0.0003900067727314882
2024-01-06,166558.19714488825,43989.1953125,True,2.6459538904946536,1.6655819714488826,-0.003928567037593367,-0.003928567037593367
2024-01-07,166383.65559069387,43943.09765625,True,2.643181112496991,1.6638365559069388,-0.0010479313368321197,-0.0010479313368322307
2024-01-08,177846.45511323665,46970.50390625,True,2.825279859436767,1.7784645511323665,0.06889378335779206,0.06889378335779228
2024-01-09,174700.86163277258,46139.73046875,True,2.7753087655475346,1.7470086163277259,-0.017687130611972135,-0.017687130611972246
2024-01-10,176548.77467243432,46627.77734375,True,2.80466482715485,1.765487746724343,0.01057758400497244,0.01057758400497244
2024-01-11,175567.38701499335,46368.5859375,True,2.7890744417232014,1.7556738701499335,-0.005558733892443102,-0.005558733892443102
2024-01-12,162256.80756642218,42853.16796875,True,2.5776217478275774,1.6225680756642218,-0.07581464687080208,-0.07581464687080208
2024-01-13,162215.9712617759,42842.3828125,True,2.5769730197493175,1.6221597126177592,-0.0002516769882184855,-0.0002516769882185965
2024-01-14,157938.5171415395,41796.26953125,False,2.5140492156933925,1.5793851714153948,-0.026368883945056765,-0.0244177193838242
2024-01-15,157938.5171415395,42511.96875,False,2.5570985854039003,1.5793851714153948,0.0,0.01712351907901466
2024-01-16,157622.64010725642,43154.9453125,True,2.59577368107132,1.5762264010725642,-0.0019999999999998908,0.015124600939588229
2024-01-17,155804.51416412092,42742.65234375,False,2.5709742234559254,1.558045141641209,-0.011534675106941061,-0.009553782672285793
2024-01-18,155804.51416412092,41262.05859375,False,2.4819163817467516,1.558045141641209,0.0,-0.034639725632667595
2024-01-19,155804.51416412092,41618.40625,False,2.5033507239920483,1.558045141641209,0.0,0.00863620644230223
2024-01-20,155804.51416412092,41665.5859375,False,2.5061885862626836,1.558045141641209,0.0,0.0011336255217606617
2024-01-21,155804.51416412092,41545.78515625,False,2.4989825589420915,1.558045141641209,0.0,-0.0028752933279206916
2024-01-22,155804.51416412092,39507.3671875,False,2.376371542383313,1.558045141641209,0.0,-0.049064374667218136
2024-01-23,155804.51416412092,39845.55078125,False,2.3967133147032538,1.558045141641209,0.0,0.008560013431039293
2024-01-24,155804.51416412092,40077.07421875,False,2.4106394694292472,1.558045141641209,0.0,0.005810521700930993
2024-01-25,155804.51416412092,39933.80859375,False,2.4020220297341144,1.558045141641209,0.0,-0.0035747525934158864
2024-01-26,155804.51416412092,41816.87109375,False,2.515288401453893,1.558045141641209,0.0,0.04715459322091076
2024-01-27,155804.51416412092,42120.0546875,False,2.5335249207563733,1.558045141641209,0.0,0.007250269707417711
2024-01-28,155804.51416412092,42035.59375,False,2.5284445880841036,1.558045141641209,0.0,-0.002005242826169984
2024-01-29,155492.90513579268,43288.24609375,True,2.6037917345557897,1.5549290513579268,-0.0019999999999998908,0.029799801358818545
2024-01-30,154287.28621661413,42952.609375,True,2.5836031569866735,1.5428728621661412,-0.007753530092744043,-0.007753530092743932
2024-01-31,152652.30271078442,42582.60546875,False,2.561347390126528,1.5265230271078443,-0.010597007348578491,-0.00861423582021903
2024-02-01,152346.99810536284,43075.7734375,True,2.591011485964412,1.5234699810536285,-0.0020000000000000018,0.0115814418427711
2024-02-02,152736.3413666295,43185.859375,True,2.5976331645958943,1.527363413666295,0.0025556346111748063,0.0025556346111748063
2024-02-03,152051.5989991105,42992.25,True,2.585987543997967,1.520515989991105,-0.0044831659668693735,-0.0044831659668693735
2024-02-04,150305.04185018069,42583.58203125,False,2.5614061304450955,1.5030504185018068,-0.011486608233169826,-0.009505619472114035
2024-02-05,150305.04185018069,42658.66796875,False,2.5659225560591166,1.5030504185018068,0.0,0.0017632602500394778
2024-02-06,150004.43176648032,43084.671875,True,2.5915467277471995,1.5000443176648033,-0.0019999999999998908,0.009986338686479357
2024-02-07,154299.18616389917,44318.22265625,True,2.6657449135877047,1.5429918616389917,0.028630850081180936,0.028630850081180936
2024-02-08,157722.81489380624,45301.56640625,True,2.7248931249273824,1.5772281489380624,0.022188248784866804,0.022188248784867026
2024-02-09,164148.6059986302,47147.19921875,True,2.8359080977171045,1.641486059986302,0.040741037427910465,0.04074103742791024
2024-02-10,166321.40853940655,47771.27734375,True,2.873446450739605,1.6632140853940656,0.013236801662479536,0.013236801662479536
2024-02-11,168141.0443068242,48293.91796875,True,2.904883329391858,1.681410443068242,0.010940478338881565,0.010940478338881565
2024-02-12,173935.51988410228,49958.22265625,True,3.0049913998299584,1.7393551988410227,0.034461993507690414,0.034461993507690414
2024-02-13,173184.25168630749,49742.44140625,True,2.9920121390392738,1.7318425168630749,-0.004319233922406296,-0.004319233922406296
2024-02-14,180440.83063325108,51826.6953125,True,3.1173801911903385,1.804408306332511,0.041900916949929146,0.041900916949929146
2024-02-15,180830.2824093563,51938.5546875,True,3.1241085422403394,1.808302824093563,0.0021583350882306007,0.0021583350882306007
2024-02-16,181601.97792129096,52160.203125,True,3.1374407148649777,1.8160197792129096,0.004267512618200353,0.004267512618200353
2024-02-17,179870.89224865683,51662.99609375,True,3.107533669069498,1.7987089224865684,-0.009532306269177226,-0.009532306269177337
2024-02-18,181470.87318872867,52122.546875,True,3.1351756881810133,1.8147087318872868,0.008895163192163436,0.008895163192163213
2024-02-19,180275.2769082012,51779.14453125,True,3.1145200075986477,1.802752769082012,-0.006588364620277454,-0.006588364620277454
2024-02-20,182036.03794664974,52284.875,True,3.1449397388945846,1.8203603794664973,0.009767068832988945,0.009767068832988723
2024-02-21,180484.29647612132,51839.1796875,True,3.118131127422906,1.8048429647612132,-0.008524364120598982,-0.00852436412059887
2024-02-22,178624.39088369155,51304.97265625,True,3.085998528437539,1.7862439088369155,-0.010305082651198116,-0.010305082651198227
2024-02-23,176629.34133612984,50731.94921875,True,3.05153111926975,1.7662934133612984,-0.011168964874795573,-0.011168964874795462
2024-02-24,179550.95046094645,51571.1015625,True,3.1020062050922923,1.7955095046094645,0.016540904827679226,0.016540904827679226
2024-02-25,180115.4488151439,51733.23828125,True,3.1117587427034246,1.801154488151439,0.003143945229742595,0.003143945229742817
2024-02-26,189826.2566753651,54522.40234375,True,3.2795272015254624,1.8982625667536508,0.053914352844811164,0.05391435284481094
2024-02-27,198749.53853519697,57085.37109375,True,3.4336899927996116,1.9874953853519697,0.04700762695380023,0.04700762695380023
2024-02-28,217617.8895642112,62504.7890625,True,3.759668450845103,2.1761788956421118,0.09493531994124749,0.09493531994124771
2024-02-29,213069.4801494667,61198.3828125,True,3.6810880022781847,2.1306948014946667,-0.020900898468654727,-0.020900898468654838
2024-03-01,217394.5219161196,62440.6328125,True,3.7558094468764893,2.1739452191611957,0.020298739001094468,0.020298739001094246
2024-03-02,215964.32432473113,62029.84765625,True,3.7311006843129633,2.159643243247311,-0.006578811548619834,-0.006578811548619723
2024-03-03,219924.7480540401,63167.37109375,True,3.799522817148085,2.199247480540401,0.01833832389535761,0.01833832389535761
2024-03-04,237900.4988955513,68330.4140625,True,4.1100802968406756,2.379004988955513,0.08173591649219114,0.08173591649219114
2024-03-05,222131.49638449235,63801.19921875,True,3.8376476335111636,2.2213149638449234,-0.06628402455760407,-0.06628402455760407
2024-03-06,230158.73723759525,66106.8046875,True,3.9763300012300222,2.3015873723759523,0.03613733749494208,0.03613733749494208
2024-03-07,233009.06836413807,66925.484375,True,4.025573655014115,2.3300906836413806,0.012384196927533564,0.012384196927533564
2024-03-08,237794.93510570188,68300.09375,True,4.10825652742979,2.3779493510570187,0.020539401213709896,0.020539401213709896
2024-03-09,238487.04297293173,68498.8828125,True,4.1202137066774,2.3848704297293173,0.0029105240064184468,0.0029105240064184468
2024-03-10,240300.64030660896,69019.7890625,True,4.151546262523876,2.4030064030660894,0.007604594828588107,0.007604594828587885
2024-03-11,251107.99509390828,72123.90625,True,4.33825917896777,2.5110799509390827,0.04497430707429584,0.04497430707429584
2024-03-12,248870.6465924742,71481.2890625,True,4.299605699737583,2.488706465924742,-0.008909905479502322,-0.008909905479502545
2024-03-13,254448.9353617844,73083.5,True,4.395978825759886,2.544489353617844,0.022414410239567806,0.022414410239567806
2024-03-14,248575.76974481693,71396.59375,True,4.294511269388858,2.4857576974481694,-0.0230819028918976,-0.0230819028918976
2024-03-15,241637.52777661668,69403.7734375,True,4.174642955784635,2.416375277766167,-0.027911980219644583,-0.027911980219644694
2024-03-16,227402.38263615672,65315.1171875,True,3.9287099298511365,2.2740238263615673,-0.05891115205258901,-0.05891115205258901
2024-03-17,238110.13046689107,68390.625,True,4.113701989922276,2.3811013046689107,0.04708722796395115,0.04708722796395137
2024-03-18,235178.49808606843,67548.59375,True,4.063053737640597,2.351784980860684,-0.0123120859035869,-0.012312085903587011
2024-03-19,215556.7164471767,61912.7734375,True,3.7240586599618117,2.155567164471767,-0.08343356981432348,-0.08343356981432348
2024-03-20,236449.56118827517,67913.671875,True,4.085013218333887,2.364495611882752,0.09692504638897859,0.09692504638897836
2024-03-21,228016.09966536902,65491.390625,True,3.939312792313853,2.28016099665369,-0.03566706353999505,-0.035667063539994937
2024-03-22,222053.37754799463,63778.76171875,True,3.8362980159517557,2.220533775479946,-0.026150443438534232,-0.02615044343853412
2024-03-23,223040.21266204581,64062.203125,True,3.853347040974074,2.2304021266204583,0.004444134671349076,0.004444134671349076
2024-03-24,234083.80076932517,67234.171875,True,4.044141234752042,2.3408380076932516,0.049513887991188055,0.04951388799118828
2024-03-25,243569.96257431147,69958.8125,True,4.208028603245684,2.4356996257431147,0.04052464020923141,0.04052464020923119
2024-03-26,243671.0111389316,69987.8359375,True,4.209774365513512,2.4367101113893157,0.0004148646391044508,0.00041486463910467286
2024-03-27,241817.07597986227,69455.34375,True,4.17774491452755,2.4181707597986226,-0.007608353371227561,-0.007608353371227561
2024-03-28,246307.00506784144,70744.953125,True,4.255315029615106,2.4630700506784144,0.018567460837021654,0.018567460837021432
2024-03-29,243340.23009065562,69892.828125,True,4.204059637400713,2.433402300906556,-0.01204502883045766,-0.01204502883045766
2024-03-30,242478.44767535033,69645.3046875,True,4.189171081295308,2.424784476753503,-0.0035414711944024013,-0.0035414711944024013
2024-03-31,248356.6181202828,71333.6484375,True,4.290725103415268,2.483566181202828,0.02424203264779501,0.02424203264779501
2024-04-01,242676.35598118504,69702.1484375,True,4.1925902377584885,2.4267635598118504,-0.022871394296191894,-0.022871394296191894
2024-04-02,227861.45320126467,65446.97265625,True,3.9366410476641267,2.2786145320126465,-0.061047985989492126,-0.061047985989492126
2024-04-03,229720.08038655118,65980.8125,True,3.968751560289712,2.297200803865512,0.0081568302105266,0.0081568302105266
2024-04-04,238521.72316671116,68508.84375,True,4.120812857926789,2.3852172316671116,0.038314642609167615,0.038314642609167615
2024-04-05,236184.84930916806,67837.640625,True,4.080439932091492,2.3618484930916805,-0.009797320875087667,-0.009797320875088
2024-04-06,239870.03470055212,68896.109375,True,4.1441069186579345,2.398700347005521,0.015602971156545742,0.015602971156545964
2024-04-07,241494.01977474973,69362.5546875,True,4.172163644418536,2.414940197747497,0.006770270726916605,0.006770270726916383
2024-04-08,249393.13431193255,71631.359375,True,4.308632441972495,2.4939313431193253,0.03270935878474601,0.03270935878474601
2024-04-09,240715.74182603494,69139.015625,True,4.158717750537151,2.4071574182603492,-0.03479403115822832,-0.03479403115822832
2024-04-10,245760.1460122055,70587.8828125,True,4.245867236776703,2.457601460122055,0.0209558550176423,0.0209558550176423
2024-04-11,243924.38055466145,70060.609375,True,4.214151694053165,2.4392438055466146,-0.007469744331340289,-0.007469744331340511
2024-04-12,233950.4384241482,67195.8671875,True,4.041837204496548,2.339504384241482,-0.0408894843058879,-0.04088948430588779
2024-04-13,221757.67661733273,63821.47265625,False,3.838867082524626,2.217576766173327,-0.05211685812150613,-0.05021729270691988
2024-04-14,221757.67661733273,65738.7265625,False,3.954190070278092,2.217576766173327,0.0,0.03004089104268326
2024-04-15,221757.67661733273,63426.2109375,False,3.8150920560650494,2.217576766173327,0.0,-0.03517737178558544
2024-04-16,221757.67661733273,63811.86328125,False,3.8382890777899212,2.217576766173327,0.0,0.006080330797783473
2024-04-17,221757.67661733273,61276.69140625,False,3.685798270943479,2.217576766173327,0.0,-0.03972884891052719
2024-04-18,221757.67661733273,63512.75390625,False,3.820297623096505,2.217576766173327,0.0,0.03649124077498622
2024-04-19,221757.67661733273,63843.5703125,False,3.8401962584531724,2.217576766173327,0.0,0.005208661031110617
2024-04-20,221757.67661733273,64994.44140625,False,3.909421253962475,2.217576766173327,0.0,0.018026421268684478
2024-04-21,221757.67661733273,64926.64453125,False,3.9053432660862417,2.217576766173327,0.0,-0.0010431180502996629
2024-04-22,221757.67661733273,66837.6796875,False,4.02029219549107,2.217576766173327,0.0,0.02943375820585037
2024-04-23,221757.67661733273,66407.2734375,False,3.994403222446884,2.217576766173327,0.0,-0.006439574982440632
2024-04-24,221757.67661733273,64276.8984375,False,3.8662609825305116,2.217576766173327,0.0,-0.03208044676017341
2024-04-25,221757.67661733273,64481.70703125,False,3.8785802371017715,2.217576766173327,0.0,0.0031863484195515657
2024-04-26,221757.67661733273,63755.3203125,False,3.8348880133448606,2.217576766173327,0.0,-0.011265004482557628
2024-04-27,221757.67661733273,63419.140625,False,3.8146667761586204,2.217576766173327,0.0,-0.005272966802647994
2024-04-28,221757.67661733273,63113.23046875,False,3.7962662538867002,2.217576766173327,0.0,-0.00482362506390388
2024-04-29,221757.67661733273,63841.12109375,False,3.840048937734205,2.217576766173327,0.0,0.011533090916022726
2024-04-30,221757.67661733273,60636.85546875,False,3.647312084140572,2.217576766173327,0.0,-0.050191249309274655
2024-05-01,221757.67661733273,58254.01171875,False,3.503983827145569,2.217576766173327,0.0,-0.03929695449375725
2024-05-02,221757.67661733273,59123.43359375,False,3.5562796278824313,2.217576766173327,0.0,0.014924669552331737
2024-05-03,221757.67661733273,62889.8359375,False,3.782829053572463,2.217576766173327,0.0,0.06370405294167747
2024-05-04,221757.67661733273,63891.47265625,False,3.8430775885595474,2.217576766173327,0.0,0.015926845790239064
2024-05-05,221757.67661733273,64031.1328125,False,3.851478158998529,2.217576766173327,0.0,0.002185896653241981
2024-05-06,221757.67661733273,63161.94921875,False,3.7991966908993975,2.217576766173327,0.0,-0.013574390387488533
2024-05-07,221757.67661733273,62334.81640625,False,3.7494445809177845,2.217576766173327,0.0,-0.013095428857576419
2024-05-08,221757.67661733273,61187.94140625,False,3.68045995079206,2.217576766173327,0.0,-0.018398626419713238
2024-05-09,221757.67661733273,63049.9609375,False,3.792460586127346,2.217576766173327,0.0,0.030431151767099873
2024-05-10,221757.67661733273,60792.77734375,False,3.6566907983643406,2.217576766173327,0.0,-0.035799920573900024
2024-05-11,221757.67661733273,60793.7109375,False,3.656746954108891,2.217576766173327,0.0,1.5356984674586016e-05
2024-05-12,221757.67661733273,61448.39453125,False,3.6961262287152987,2.217576766173327,0.0,0.010768936188532141
2024-05-13,221757.67661733273,62901.44921875,False,3.783527593440868,2.217576766173327,0.0,0.023646747788683697
2024-05-14,221757.67661733273,61552.7890625,False,3.7024055687701694,2.217576766173327,0.0,-0.021440843939220078
2024-05-15,221314.16126409807,66267.4921875,True,3.9859953682084,2.213141612640981,-0.0019999999999998908,0.07659609250545474
2024-05-16,217854.5224607049,65231.58203125,True,3.923685283000869,2.178545224607049,-0.01563225228621823,-0.01563225228621834
2024-05-17,223933.77185336308,67051.875,True,4.033176062004401,2.2393377185336307,0.02790508695432159,0.02790508695432181
2024-05-18,223562.82929554413,66940.8046875,True,4.026495173131802,2.2356282929554414,-0.0016564833198176032,-0.0016564833198178253
2024-05-19,221350.48060295184,66278.3671875,True,3.9866495003959685,2.213504806029518,-0.009895869986811023,-0.009895869986810801
2024-05-20,238616.20377422558,71448.1953125,True,4.297615107821967,2.3861620377422557,0.07800174241430358,0.07800174241430358
2024-05-21,234235.62708013417,70136.53125,True,4.21871840137988,2.342356270801342,-0.018358253231772093,-0.018358253231772426
2024-05-22,230848.50954279274,69122.3359375,True,4.157714465896017,2.3084850954279275,-0.014460300422969752,-0.01446030042296964
2024-05-23,226864.99297706096,67929.5625,True,4.085969040797618,2.2686499297706098,-0.017255976976508602,-0.017255976976508713
2024-05-24,228857.26004376856,68526.1015625,True,4.1218509168365145,2.2885726004376856,0.008781729788116976,0.008781729788116976
2024-05-25,231328.1231109033,69265.9453125,True,4.166352582183286,2.313281231109033,0.010796524727518797,0.010796524727518797
2024-05-26,228830.5162777304,68518.09375,True,4.12136924622426,2.288305162777304,-0.010796814497023077,-0.010796814497023077
2024-05-27,231757.64103921558,69394.5546875,True,4.174088447177358,2.3175764103921557,0.012791671360530277,0.012791671360530277
2024-05-28,228089.51827238058,68296.21875,True,4.108023445845714,2.280895182723806,-0.015827408107827123,-0.015827408107827345
2024-05-29,225691.1895170371,67578.09375,True,4.064828165183885,2.256911895170371,-0.01051485738366753,-0.01051485738366742
2024-05-30,228319.20156255996,68364.9921875,True,4.112160174040515,2.2831920156255996,0.011644282841287046,0.011644282841286824
2024-05-31,225401.7045568485,67491.4140625,True,4.05961437450783,2.254017045568485,-0.012778150001159894,-0.012778150001159783
2024-06-01,226121.49018972123,67706.9375,True,4.072578127854412,2.2612149018972123,0.0031933460054698326,0.0031933460054698326
2024-06-02,226270.65517551647,67751.6015625,True,4.0752646750644175,2.2627065517551648,0.0006596674454519835,0.0006596674454519835
2024-06-03,229787.96919337535,68804.78125,True,4.138613524065497,2.2978796919337534,0.015544720172089965,0.015544720172089965
2024-06-04,235675.82454137708,70567.765625,True,4.244657186214211,2.3567582454137708,0.025622992224831664,0.025622992224831886
2024-06-05,237395.95748147205,71082.8203125,True,4.275637770071831,2.3739595748147204,0.007298724608017615,0.007298724608017393
2024-06-06,236308.36026826777,70757.1640625,True,4.256049518558475,2.3630836026826776,-0.004581363662391591,-0.00458136366239148
2024-06-07,231584.08052049772,69342.5859375,True,4.170962522384467,2.315840805204977,-0.019992012734576292,-0.019992012734576403
2024-06-08,231461.13747115943,69305.7734375,True,4.168748247335745,2.3146113747115944,-0.0005308786729292247,-0.0005308786729294468
2024-06-09,232604.04861997432,69647.9921875,True,4.189332734652006,2.326040486199743,0.004937810127876308,0.004937810127876308
2024-06-10,232150.81353719503,69512.28125,True,4.181169710061312,2.32150813537195,-0.0019485261992140401,-0.0019485261992140401
2024-06-11,224869.41229251254,67332.03125,True,4.0500274845950575,2.2486941229251256,-0.03136496113771248,-0.03136496113771259
2024-06-12,227905.7298938706,68241.1875,True,4.104713311413796,2.279057298938706,0.013502581655740586,0.013502581655740808
2024-06-13,222946.96602377383,66756.3984375,True,4.015403121296056,2.229469660237738,-0.02175796050588963,-0.021757960505889518
2024-06-14,220016.94928274944,66011.09375,False,3.970572980087854,2.200169492827494,-0.013142214012959341,-0.011164543099157598
2024-06-15,219576.91538418393,66191.0,True,3.9813943565356418,2.195769153841839,-0.0020000000000000018,0.0027253941690672523
2024-06-16,221063.2315111502,66639.046875,True,4.008344414694431,2.210632315111502,0.0067689999395690315,0.006768999939568809
2024-06-17,220569.77974031432,66490.296875,True,3.999397089370223,2.2056977974031433,-0.0022321747830370553,-0.0022321747830369443
2024-06-18,215660.69835632903,65140.74609375,False,3.91822149352899,2.1566069835632904,-0.02225636435673528,-0.02029695827328193
2024-06-19,215660.69835632903,64960.296875,False,3.9073674574640793,2.1566069835632904,0.0,-0.0027701435671353414
2024-06-20,215660.69835632903,64828.65625,False,3.8994492625211743,2.1566069835632904,0.0,-0.00202647819256907
2024-06-21,215660.69835632903,64096.19921875,False,3.8553919089440476,2.1566069835632904,0.0,-0.011298352821403679
2024-06-22,215660.69835632903,64252.578125,False,3.8647981136369056,2.1566069835632904,0.0,0.0024397531859308152
2024-06-23,215660.69835632903,63180.796875,False,3.800330379047751,2.1566069835632904,0.0,-0.01668075089399379
2024-06-24,215660.69835632903,60277.4140625,False,3.6256916525660534,2.1566069835632904,0.0,-0.04595356431233666
2024-06-25,215660.69835632903,61804.640625,False,3.7175544619674645,2.1566069835632904,0.0,0.025336630415439654
2024-06-26,215660.69835632903,60811.27734375,False,3.657803574959284,2.1566069835632904,0.0,-0.016072632592061153
2024-06-27,215660.69835632903,61604.80078125,False,3.7055340781370765,2.1566069835632904,0.0,0.013048951973404943
2024-06-28,215660.69835632903,60320.13671875,False,3.628261424022746,2.1566069835632904,0.0,-0.020853310881755127
2024-06-29,215660.69835632903,60887.37890625,False,3.6623810905046157,2.1566069835632904,0.0,0.009403861104374522
2024-06-30,215660.69835632903,62678.29296875,False,3.7701047257643614,2.1566069835632904,0.0,0.029413551620566913
2024-07-01,215660.69835632903,62851.98046875,False,3.7805520438635107,2.1566069835632904,0.0,0.002771094932125795
2024-07-02,215660.69835632903,62029.015625,False,3.7310506375615438,2.1566069835632904,0.0,-0.01309369788529069
2024-07-03,215660.69835632903,60173.921875,False,3.619466588565539,2.1566069835632904,0.0,-0.02990687070088427
2024-07-04,215660.69835632903,56977.703125,False,3.427213755196903,2.1566069835632904,0.0,-0.05311634426354228
2024-07-05,215660.69835632903,56662.375,False,3.408246741292717,2.1566069835632904,0.0,-0.005534237213953963
2024-07-06,215660.69835632903,58303.5390625,False,3.506962901142041,2.1566069835632904,0.0,0.02896391234041995
2024-07-07,215660.69835632903,55849.109375,False,3.359328743834763,2.1566069835632904,0.0,-0.042097439142912196
2024-07-08,215660.69835632903,56705.09765625,False,3.41081651274941,2.1566069835632904,0.0,0.015326802715911692
2024-07-09,215660.69835632903,58009.2265625,False,3.4892599788934286,2.1566069835632904,0.0,0.02299844211812685
2024-07-10,215660.69835632903,57742.49609375,False,3.4732161182024384,2.1566069835632904,0.0,-0.004598069730555987
2024-07-11,215660.69835632903,57344.9140625,False,3.449301524745945,2.1566069835632904,0.0,-0.006885432015347859
2024-07-12,215660.69835632903,57899.46484375,False,3.482657802047711,2.1566069835632904,0.0,0.009670444019596935
2024-07-13,215660.69835632903,59231.953125,False,3.5628070870429314,2.1566069835632904,0.0,0.023013827240820017
2024-07-14,215660.69835632903,60787.79296875,False,3.656390987778372,2.1566069835632904,0.0,0.026266900915231428
2024-07-15,215229.37695961638,64870.15234375,True,3.9019452561377466,2.152293769596164,-0.0020000000000000018,0.06715755212726138
2024-07-16,215982.51574632968,65097.1484375,True,3.915599090746861,2.1598251574632967,0.00349923787055606,0.003499237870556282
2024-07-17,212736.47992898998,64118.79296875,True,3.8567509249544263,2.1273647992898996,-0.01502916014346345,-0.01502916014346356
2024-07-18,212256.2990329853,63974.06640625,True,3.8480456097427163,2.122562990329853,-0.0022571629283559824,-0.0022571629283560934
2024-07-19,221334.23227499938,66710.15625,True,4.012621649731245,2.2133423227499938,0.04276873423013616,0.04276873423013616
2024-07-20,222838.850923873,67163.6484375,True,4.039899243906367,2.22838850923873,0.0067979482134701286,0.0067979482134701286
2024-07-21,226126.42465677802,68154.5234375,True,4.099500460582838,2.26126424656778,0.014753144342985802,0.014753144342986024
2024-07-22,224237.66129110067,67585.25,True,4.065258614238347,2.2423766129110065,-0.00835268752223095,-0.00835268752223095
2024-07-23,218738.06719094882,65927.671875,True,3.9655551471145403,2.187380671909488,-0.02452573786440082,-0.02452573786440082
2024-07-24,216894.87240908665,65372.1328125,True,3.9321394246103845,2.1689487240908663,-0.008426492953570675,-0.008426492953570452
2024-07-25,218238.9123453692,65777.2265625,True,3.956505848597299,2.182389123453692,0.006196734488713718,0.00619673448871394
2024-07-26,225321.9758520544,67912.0625,True,4.084916414288888,2.253219758520544,0.032455548053117456,0.032455548053117234
2024-07-27,224994.41601492558,67813.3359375,True,4.078978003042984,2.249944160149256,-0.0014537411892032726,-0.0014537411892032726
2024-07-28,226462.66792711394,68255.8671875,True,4.105596295882504,2.2646266792711396,0.006525726007755583,0.006525726007755361
2024-07-29,221698.39213507873,66819.9140625,True,4.019223591615689,2.216983921350787,-0.021037797689324234,-0.021037797689324123
2024-07-30,219644.98050751624,66201.015625,True,3.9819967972428705,2.1964498050751624,-0.009262185475442442,-0.009262185475442442
2024-07-31,214396.92084271283,64619.25,True,3.8868534585300987,2.1439692084271282,-0.023893373992326827,-0.02389337399232694
2024-08-01,216846.3229452153,65357.5,True,3.931259259676968,2.168463229452153,0.011424614182306225,0.011424614182306447
2024-08-02,203358.39132439686,61415.06640625,False,3.6941215391232256,2.0335839132439686,-0.062200416579007656,-0.06032105869640059
2024-08-03,203358.39132439686,60680.09375,False,3.6499128704854686,2.0335839132439686,0.0,-0.011967302150066694
2024-08-04,203358.39132439686,58116.9765625,False,3.4957411506828975,2.0335839132439686,0.0,-0.04223983565450562
2024-08-05,203358.39132439686,53991.45703125,False,3.2475907952041116,2.0335839132439686,0.0,-0.07098647891315102
2024-08-06,203358.39132439686,56034.31640625,False,3.370468962731735,2.0335839132439686,0.0,0.03783671505322772
2024-08-07,203358.39132439686,55027.4609375,False,3.309906519482225,2.0335839132439686,0.0,-0.017968550940289485
2024-08-08,203358.39132439686,61710.13671875,False,3.7118700438590464,2.0335839132439686,0.0,0.12144256099404926
2024-08-09,203358.39132439686,60880.11328125,False,3.6619440625344732,2.0335839132439686,0.0,-0.013450358103773374
2024-08-10,203358.39132439686,60945.8125,False,3.6658958762064233,2.0335839132439686,0.0,0.001079157301276501
2024-08-11,203358.39132439686,58719.484375,False,3.531982047548878,2.0335839132439686,0.0,-0.036529632368097475
2024-08-12,203358.39132439686,59354.515625,False,3.5701792319844325,2.0335839132439686,0.0,0.010814659848586317
2024-08-13,203358.39132439686,60609.56640625,False,3.6456706446785208,2.0335839132439686,0.0,0.021144992390795814
2024-08-14,203358.39132439686,58737.26953125,False,3.53305182623063,2.0335839132439686,0.0,-0.03089111151943391
2024-08-15,203358.39132439686,57560.09765625,False,3.4622448364616667,2.0335839132439686,0.0,-0.020041310813293856
2024-08-16,203358.39132439686,58894.10546875,False,3.5424855213925777,2.0335839132439686,0.0,0.023175912946963972
2024-08-17,203358.39132439686,59478.97265625,False,3.5776653331439547,2.0335839132439686,0.0,0.009930827250790752
2024-08-18,203358.39132439686,58483.96484375,False,3.517815527439306,2.0335839132439686,0.0,-0.016728732324455375
2024-08-19,203358.39132439686,59493.453125,False,3.578536334587674,2.0335839132439686,0.0,0.017260941250256012
2024-08-20,203358.39132439686,59012.79296875,False,3.5496245847500028,2.0335839132439686,0.0,-0.008079210921579927
2024-08-21,203358.39132439686,61175.19140625,False,3.6796930371928425,2.0335839132439686,0.0,0.03664287570061453
2024-08-22,203358.39132439686,60381.9140625,False,3.631977336575329,2.0335839132439686,0.0,-0.012967304646127387
2024-08-23,202951.67454174807,64094.35546875,True,3.855281007222592,2.0295167454174807,-0.0020000000000000018,0.061482671821355916
2024-08-24,203219.67261540692,64178.9921875,True,3.860371913152204,2.032196726154069,0.0013205019089592707,0.0013205019089592707
2024-08-25,203709.05018425878,64333.54296875,True,3.8696681559687036,2.037090501842588,0.0024081210374649054,0.0024081210374646833
2024-08-26,199108.56707535902,62880.66015625,True,3.782277129539202,1.9910856707535902,-0.022583597070127914,-0.022583597070127803
2024-08-27,188040.12274582905,59504.1328125,False,3.5791787187115287,1.8804012274582904,-0.05558999540858922,-0.05369739018896724
2024-08-28,188040.12274582905,59027.625,False,3.550516732708407,1.8804012274582904,0.0,-0.00800797843742207
2024-08-29,188040.12274582905,59388.1796875,False,3.572204128246093,1.8804012274582904,0.0,0.006108236397788458
2024-08-30,188040.12274582905,59119.4765625,False,3.5560416121115956,1.8804012274582904,0.0,-0.004524521990973973
2024-08-31,188040.12274582905,58969.8984375,False,3.547044474997242,1.8804012274582904,0.0,-0.002530098940268344
2024-09-01,188040.12274582905,57325.48828125,False,3.4481330623289996,1.8804012274582904,0.0,-0.027885585694078285
2024-09-02,188040.12274582905,59112.48046875,False,3.555620796469378,1.8804012274582904,0.0,0.031172733823612075
2024-09-03,188040.12274582905,57431.0234375,False,3.454481011075957,1.8804012274582904,0.0,-0.02844504270361159
2024-09-04,188040.12274582905,57971.5390625,False,3.48699307251927,1.8804012274582904,0.0,0.00941156177702851
2024-09-05,188040.12274582905,56160.48828125,False,3.3780582118906617,1.8804012274582904,0.0,-0.031240343288065575
2024-09-06,188040.12274582905,53948.75390625,False,3.24502219855379,1.8804012274582904,0.0,-0.03938239218868078
2024-09-07,188040.12274582905,54139.6875,False,3.256506870678842,1.8804012274582904,0.0,0.003539165966313096
2024-09-08,188040.12274582905,54841.56640625,False,3.2987249474009817,1.8804012274582904,0.0,0.012964221602682846
2024-09-09,188040.12274582905,57019.53515625,False,3.429729955483062,1.8804012274582904,0.0,0.039713831911113884
2024-09-10,188040.12274582905,57648.7109375,False,3.4675749329684855,1.8804012274582904,0.0,0.011034389872275785
2024-09-11,188040.12274582905,57343.171875,False,3.449196732017621,1.8804012274582904,0.0,-0.005300015516934042
2024-09-12,188040.12274582905,58127.01171875,False,3.4963447661964975,1.8804012274582904,0.0,0.013669279499548104
2024-09-13,187664.04250033738,60571.30078125,True,3.64336896403577,1.876640425003374,-0.0020000000000000018,0.04205082955798245
2024-09-14,185909.88553875007,60005.12109375,True,3.609313207020502,1.8590988553875007,-0.00934732588201681,-0.00934732588201681
2024-09-15,182995.52948711527,59182.8359375,False,3.559852683980258,1.8299552948711528,-0.01567617581598335,-0.013703582981947293
2024-09-16,182995.52948711527,58192.5078125,False,3.5002843618821853,1.8299552948711528,0.0,-0.016733367188517922
2024-09-17,182629.53842814104,60308.5390625,True,3.627563823999438,1.8262953842814105,-0.0020000000000000018,0.0363626062794542
2024-09-18,186690.85208485468,61649.6796875,True,3.7082335482171667,1.8669085208485467,0.02223798894564699,0.02223798894564699
2024-09-19,190599.65296391866,62940.45703125,True,3.78587391672573,1.9059965296391865,0.020937291974474137,0.020937291974474137
2024-09-20,191364.34609283833,63192.9765625,True,3.801062988300926,1.9136434609283832,0.004012038411551622,0.004012038411551844
2024-09-21,191975.63926049529,63394.83984375,True,3.8132050820713856,1.9197563926049528,0.003194394254405042,0.003194394254405042
2024-09-22,192744.42526315007,63648.7109375,True,3.828475450247479,1.9274442526315008,0.004004601863112578,0.004004601863112578
2024-09-23,191778.68449838663,63329.80078125,True,3.8092929768547874,1.9177868449838664,-0.005010473135318549,-0.005010473135318549
2024-09-24,194722.65545452997,64301.96875,True,3.8677689639887776,1.9472265545452998,0.01535087678718594,0.015350876787185719
2024-09-25,191213.44207480713,63143.14453125,True,3.798065587325061,1.9121344207480713,-0.018021597802944433,-0.018021597802944433
2024-09-26,197384.643971085,65181.01953125,True,3.920643944266716,1.97384643971085,0.032273891570151925,0.03227389157015215
2024-09-27,199230.8020952611,65790.6640625,True,3.9573141153807883,1.9923080209526112,0.00935309904070647,0.00935309904070647
2024-09-28,199524.4953585424,65887.6484375,True,3.963147733898368,1.995244953585424,0.0014741358273548943,0.0014741358273548943
2024-09-29,198760.33453979058,65635.3046875,True,3.9479692355805147,1.9876033453979058,-0.003829909793174213,-0.003829909793174213
2024-09-30,191777.77365654387,63329.5,True,3.8092748848366687,1.9177777365654387,-0.035130555094979754,-0.03513055509497964
2024-10-01,184229.87571679888,60837.0078125,True,3.659351264872902,1.8422987571679887,-0.039357521968435116,-0.039357521968435005
2024-10-02,183611.43776377777,60632.78515625,True,3.6470672544927827,1.8361143776377777,-0.0033568819965540397,-0.0033568819965540397
2024-10-03,183994.8666922456,60759.40234375,True,3.654683289236976,1.8399486669224558,0.0020882627636797935,0.0020882627636797935
2024-10-04,187956.04689182714,62067.4765625,True,3.733364066268008,1.8795604689182714,0.021528753876634665,0.021528753876634443
2024-10-05,188024.09978950946,62089.94921875,True,3.7347157984788844,1.8802409978950947,0.00036206814735506576,0.0003620681473552878
2024-10-06,190231.70834677818,62818.953125,True,3.7785654462895564,1.9023170834677818,0.011741093613744757,0.011741093613744757
2024-10-07,188468.37768472123,62236.66015625,True,3.7435404740179234,1.8846837768472122,-0.009269383518559104,-0.009269383518558993
2024-10-08,188151.34557785798,62131.96875,True,3.7372432769062085,1.8815134557785798,-0.00168215013445705,-0.001682150134457161
2024-10-09,183091.0390887137,60582.1015625,False,3.6440186319591272,1.8309103908871371,-0.026894872707940776,-0.024944762232405493
2024-10-10,183091.0390887137,60274.5,False,3.6255163714554475,1.8309103908871371,0.0,-0.005077433013489396
2024-10-11,182724.85701053627,62445.08984375,True,3.7560775376904316,1.8272485701053627,-0.002000000000000113,0.036011743668549645
2024-10-12,184913.43675817232,63193.0234375,True,3.801065807836217,1.8491343675817231,0.011977460447594401,0.011977460447594401
2024-10-13,183913.71585063153,62851.375,True,3.780515624865999,1.8391371585063154,-0.005406426515387253,-0.005406426515387364
2024-10-14,193262.0927749837,66046.125,True,3.9726801127955094,1.932620927749837,0.050830232433260125,0.050830232433260125
2024-10-15,196173.58474504112,67041.109375,True,4.032528508732512,1.9617358474504112,0.015064992457922477,0.015064992457922477
2024-10-16,197846.21011196915,67612.71875,True,4.066910861919015,1.9784621011196915,0.008526251733136592,0.008526251733136592
2024-10-17,197223.27912457855,67399.8359375,True,4.054105942393839,1.9722327912457855,-0.0031485616380422243,-0.0031485616380423354
2024-10-18,200204.90769668794,68418.7890625,True,4.115396060709764,2.0020490769668795,0.015118035686984,0.015118035686984221
2024-10-19,200040.88223393602,68362.734375,True,4.112024366423987,2.0004088223393603,-0.0008192879217546745,-0.0008192879217547855
2024-10-20,201910.61248446646,69001.703125,True,4.150458391824006,2.0191061248446647,0.009346740674458287,0.009346740674458287
2024-10-21,197129.68745287033,67367.8515625,True,4.052182079480115,1.9712968745287034,-0.023678423698328066,-0.023678423698328177
2024-10-22,197110.8273822403,67361.40625,True,4.05179439337757,1.971108273822403,-9.567341618466063e-05,-9.567341618443859e-05
2024-10-23,194391.7995753757,66432.1953125,True,3.995902275376728,1.9439179957537571,-0.01379441121005398,-0.01379441121005398
2024-10-24,199450.7334784041,68161.0546875,True,4.099893315833418,1.994507334784041,0.02602442034118191,0.02602442034118213
2024-10-25,195006.93506690592,66642.4140625,True,4.008546951312852,1.9500693506690592,-0.022280180844656217,-0.022280180844656106
2024-10-26,196096.29274649557,67014.6953125,True,4.030939700595897,1.9609629274649558,0.005586250967002382,0.005586250967001938
2024-10-27,198772.57105993212,67929.296875,True,4.085953063430968,1.9877257105993211,0.013647776181553217,0.01364777618155344
2024-10-28,204561.88120121302,69907.7578125,True,4.204957659390973,2.04561881201213,0.029125296867722028,0.029125296867722028
2024-10-29,212792.41602415132,72720.4921875,True,4.374143874541958,2.127924160241513,0.04023493905417541,0.040234939054175634
2024-10-30,211677.68297680494,72339.5390625,True,4.3512295112300325,2.116776829768049,-0.005238593875544262,-0.005238593875544373
2024-10-31,205461.47227922722,70215.1875,True,4.223449581598585,2.054614722792272,-0.029366396164960173,-0.029366396164960284
2024-11-01,203317.41372862383,69482.46875,True,4.179376485616082,2.033174137286238,-0.010435331387529279,-0.010435331387529168
2024-11-02,202752.0916842485,69289.2734375,True,4.167755770913227,2.027520916842485,-0.0027804900426772194,-0.0027804900426772194
2024-11-03,201148.09411372207,68741.1171875,True,4.1347841252174415,2.0114809411372208,-0.00791112711687525,-0.00791112711687536
2024-11-04,198427.90041158214,67811.5078125,True,4.078868041166625,1.9842790041158214,-0.013523338185854383,-0.013523338185854161
2024-11-05,202957.7693272282,69359.5625,True,4.171983664082445,2.029577693272282,0.02282879023690798,0.02282879023690798
2024-11-06,221332.69035856365,75639.078125,True,4.549697070303115,2.2133269035856364,0.09053568676993895,0.09053568676993895
2024-11-07,222110.41108927043,75904.859375,True,4.565683835404458,2.2211041108927043,0.003513808689745934,0.003513808689745934
2024-11-08,223984.96494574382,76545.4765625,True,4.604217014462219,2.239849649457438,0.00843973880954163,0.008439738809541852
2024-11-09,224667.9052487754,76778.8671875,True,4.6182554806773135,2.246679052487754,0.0030490452928260137,0.0030490452928257916
2024-11-10,235481.03527067535,80474.1875,True,4.840529316059451,2.3548103527067537,0.048129393514959595,0.048129393514959595
2024-11-11,259555.49250709283,88701.484375,True,5.335401932392008,2.595554925070928,0.10223522760015435,0.10223522760015435
2024-11-12,257373.53092969602,87955.8125,True,5.290549704824025,2.57373530929696,-0.0084065320919271,-0.008406532091926988
2024-11-13,265064.5305684659,90584.1640625,True,5.448645277906909,2.650645305684659,0.029882636380625938,0.029882636380625938
2024-11-14,255309.4619392556,87250.4296875,True,5.248120867838865,2.553094619392556,-0.036802617869275966,-0.03680261786927619
2024-11-15,266474.48658807407,91066.0078125,True,5.477628221010684,2.6647448658807407,0.043731339073813436,0.04373133907381366
2024-11-16,264989.3646142459,90558.4765625,True,5.447100172567308,2.6498936461424587,-0.005573223886622736,-0.005573223886622847
2024-11-17,262904.1037626248,89845.8515625,True,5.404235717379651,2.629041037626248,-0.007869224693816235,-0.007869224693816235
2024-11-18,264943.0259922252,90542.640625,True,5.446147639561417,2.6494302599222523,0.007755383808848437,0.007755383808848437
2024-11-19,270213.48987530154,92343.7890625,True,5.55448687335975,2.7021348987530156,0.019892819836786257,0.019892819836786035
2024-11-20,276053.2535631042,94339.4921875,True,5.674528588384384,2.760532535631042,0.02161166598491282,0.021611665984913042
2024-11-21,288241.43132842804,98504.7265625,True,5.925067795138674,2.8824143132842805,0.04415154542830879,0.04415154542830879
2024-11-22,289683.84953021153,98997.6640625,True,5.954718028261377,2.896838495302115,0.005004201495724336,0.005004201495724558
2024-11-23,286112.80374470376,97777.28125,True,5.881311896876436,2.861128037447038,-0.012327389984974957,-0.012327389984975179
2024-11-24,286804.95690647943,98013.8203125,True,5.895539741878593,2.8680495690647945,0.002419161787646784,0.002419161787646784
2024-11-25,272433.0115691167,93102.296875,True,5.600111183674985,2.7243301156911666,-0.0501105193312581,-0.05011051933125821
2024-11-26,269164.5498985893,91985.3203125,True,5.532924947142524,2.6916454989858933,-0.011997304040733403,-0.011997304040733514
2024-11-27,280802.53939742525,95962.53125,True,5.772154527921094,2.8080253939742525,0.04323745271515378,0.04323745271515378
2024-11-28,279895.24426631734,95652.46875,True,5.753504241814625,2.7989524426631736,-0.0032310787967048116,-0.0032310787967048116
2024-11-29,285188.8431693664,97461.5234375,True,5.862319037232081,2.851888431693664,0.018912786163712836,0.018912786163713058
2024-11-30,282226.18897134543,96449.0546875,True,5.801418954631445,2.822261889713454,-0.01038839445855022,-0.010388394458550332
2024-12-01,284657.0577596751,97279.7890625,True,5.851387698907935,2.8465705775967507,0.008613193542348574,0.008613193542348574
2024-12-02,280518.0380895579,95865.3046875,True,5.766306341804509,2.805180380895579,-0.01454037255458307,-0.01454037255458307
2024-12-03,280918.51168628107,96002.1640625,True,5.774538445009839,2.809185116862811,0.0014276215513646662,0.0014276215513644441
2024-12-04,289013.3683041416,98768.53125,True,5.940935669835237,2.8901336830414164,0.02881567529768403,0.02881567529768403
2024-12-05,282649.06604590785,96593.5703125,True,5.810111581934344,2.8264906604590787,-0.02202078850392941,-0.022020788503929523
2024-12-06,292384.84025134635,99920.7109375,True,6.01023937737142,2.9238484025134635,0.03444474217316951,0.03444474217316973
2024-12-07,292392.5214437484,99923.3359375,True,6.010397271347729,2.923925214437484,2.627082989481444e-05,2.627082989481444e-05
2024-12-08,296233.64344067796,101236.015625,True,6.089355067721126,2.9623364344067795,0.013136868131794932,0.013136868131795154
2024-12-09,285104.55579916906,97432.71875,True,5.860586432795612,2.8510455579916907,-0.03756861480096374,-0.03756861480096407
2024-12-10,282888.60037325486,96675.4296875,True,5.81503543039795,2.8288860037325487,-0.007772430783165474,-0.007772430783165363
2024-12-11,296049.3405444123,101173.03125,True,6.085566552134794,2.960493405444123,0.046522695342946285,0.04652269534294651
2024-12-12,292742.67865809985,100043.0,True,6.017595075023722,2.9274267865809986,-0.011169293200355535,-0.011169293200355757
2024-12-13,296886.88770522666,101459.2578125,True,6.102783104545667,2.9688688770522664,0.014156490833941104,0.014156490833941549
2024-12-14,296634.3913657012,101372.96875,True,6.097592809997038,2.966343913657012,-0.0008504799301750632,-0.0008504799301752852
2024-12-15,305195.5603723024,104298.6953125,True,6.273575514967562,3.0519556037230244,0.02886101293644927,0.02886101293644927
2024-12-16,310260.82668692415,106029.71875,True,6.377696723970197,3.1026082668692414,0.01659678898488126,0.01659678898488126
2024-12-17,310585.2884838354,106140.6015625,True,6.38436633470163,3.105852884838354,0.001045771070669721,0.001045771070669721
2024-12-18,292738.403708757,100041.5390625,True,6.017507199507145,2.9273840370875703,-0.057462106019896764,-0.057462106019896764
2024-12-19,285274.9593948977,97490.953125,True,5.8640892354724325,2.852749593948977,-0.025495268879325628,-0.025495268879325628
2024-12-20,286050.3254743622,97755.9296875,True,5.880027598551276,2.8605032547436218,0.002717960528709318,0.002717960528709318
2024-12-21,284495.93560476555,97224.7265625,True,5.848075684785822,2.8449593560476556,-0.005433973434635808,-0.005433973434635919
2024-12-22,278293.0755511247,95104.9375,True,5.720570189922722,2.782930755511247,-0.021802983021374955,-0.021802983021374844
2024-12-23,277067.90250230726,94686.2421875,True,5.695385630778799,2.7706790250230724,-0.004402456102765573,-0.004402456102765462
2024-12-24,288742.8806002697,98676.09375,True,5.935375546240907,2.887428806002697,0.04213760595334648,0.04213760595334648
2024-12-25,290566.1807860128,99299.1953125,True,5.97285515894484,2.905661807860128,0.0063146152104343045,0.0063146152104343045
2024-12-26,280313.8235308453,95795.515625,True,5.762108523678399,2.803138235308453,-0.03528406928650052,-0.03528406928650052
2024-12-27,274991.164025099,94164.859375,False,5.664024409656862,2.74991164025099,-0.018988216273824188,-0.017022260795414912
2024-12-28,274991.164025099,95163.9296875,False,5.7241185750867505,2.74991164025099,0.0,0.010609799867287162
2024-12-29,274991.164025099,93530.2265625,False,5.625851191271282,2.74991164025099,0.0,-0.017167251608511402
2024-12-30,274991.164025099,92643.2109375,False,5.572497124955108,2.74991164025099,0.0,-0.009483732239301879
2024-12-31,274991.164025099,93429.203125,False,5.619774622796108,2.74991164025099,0.0,0.008484077565384274
2025-01-01,274991.164025099,94419.7578125,False,5.6793565726480875,2.74991164025099,0.0,0.010602195613021781
2025-01-02,274441.1816970488,96886.875,True,5.827753884174195,2.744411816970488,-0.0020000000000000018,0.026129247147606893
2025-01-03,277898.5175927867,98107.4296875,True,5.901170353855203,2.778985175927867,0.012597729955682757,0.01259772995568298
2025-01-04,278263.34684931795,98236.2265625,True,5.90891749699044,2.7826334684931795,0.0013128146911018934,0.0013128146911018934
2025-01-05,278486.36936826265,98314.9609375,True,5.913653376434629,2.7848636936826265,0.0008014800420892421,0.0008014800420892421
2025-01-06,289145.77469920873,102078.0859375,True,6.140005669615548,2.8914577469920872,0.03827621924594227,0.03827621924594227
2025-01-07,273993.5828928268,96922.703125,False,5.829908948981801,2.7399358289282683,-0.052403296649049635,-0.05050430525956884
2025-01-08,273993.5828928268,95043.5234375,False,5.7168761287686465,2.7399358289282683,0.0,-0.019388436629511396
2025-01-09,273993.5828928268,92484.0390625,False,5.562922922951146,2.7399358289282683,0.0,-0.026929603222076492
2025-01-10,273993.5828928268,94701.453125,False,5.696300569980807,2.7399358289282683,0.0,0.023976181025155086
2025-01-11,273993.5828928268,94566.59375,False,5.688188766947904,2.7399358289282683,0.0,-0.001424047578467369
2025-01-12,273993.5828928268,94488.4375,False,5.683487661772306,2.7399358289282683,0.0,-0.0008264678561503702
2025-01-13,273993.5828928268,94516.5234375,False,5.685177033334308,2.7399358289282683,0.0,0.00029724205673309356
2025-01-14,273993.5828928268,96534.046875,False,5.806531242037016,2.7399358289282683,0.0,0.021345722040169157
2025-01-15,273445.5957270412,100504.4921875,True,6.04535386988855,2.734455957270412,-0.0019999999999998908,0.041129999632577796
2025-01-16,271411.6161746101,99756.90625,True,6.000386511296174,2.714116161746101,-0.0074383335632929315,-0.0074383335632931535
2025-01-17,284213.01257874945,104462.0390625,True,6.283400655612444,2.8421301257874947,0.04716598568833441,0.04716598568833441
2025-01-18,284066.1781768914,104408.0703125,True,6.280154430647126,2.840661781768914,-0.000516635042589364,-0.000516635042589253
2025-01-19,275037.54166322463,101089.609375,True,6.08054871916148,2.7503754166322465,-0.031783567377192345,-0.031783567377192457
2025-01-20,277559.8072433746,102016.6640625,True,6.1363111385389235,2.7755980724337457,0.00917062290804771,0.009170622908047932
2025-01-21,288795.33845989447,106146.265625,True,6.384707028549322,2.8879533845989447,0.040479676535688736,0.040479676535688514
2025-01-22,282012.0269615531,103653.0703125,True,6.2347411155561865,2.820120269615531,-0.023488299826845638,-0.023488299826845638
2025-01-23,282847.56742227054,103960.171875,True,6.25321330101676,2.8284756742227053,0.002962783076025932,0.002962783076025932
2025-01-24,285185.52479476115,104819.484375,True,6.304901021975811,2.8518552479476114,0.008265785680243054,0.008265785680243276
2025-01-25,284900.2945054542,104714.6484375,True,6.298595131296947,2.8490029450545418,-0.0010001569662844156,-0.0010001569662845267
2025-01-26,279371.36711123097,102682.5,True,6.176361227583373,2.7937136711123096,-0.019406534499448735,-0.019406534499448846
2025-01-27,277753.0428466304,102087.6875,True,6.1405832044277044,2.777530428466304,-0.005792734886665207,-0.005792734886665096
2025-01-28,275698.31772728945,101332.4765625,True,6.095157201427954,2.7569831772728945,-0.007397669160641773,-0.007397669160641884
2025-01-29,282148.44606854854,103703.2109375,True,6.237757078472719,2.821484460685485,0.023395602825691864,0.023395602825692086
2025-01-30,284956.4945863043,104735.3046875,True,6.299837606515288,2.849564945863043,0.009952379879751616,0.009952379879751394
2025-01-31,278616.4282793273,102405.0234375,True,6.159670988426865,2.7861642827932727,-0.022249243050878498,-0.022249243050878387
2025-02-01,273857.55252241035,100655.90625,True,6.05446143880181,2.7385755252241033,-0.017080384621634415,-0.017080384621634637
2025-02-02,265253.7669816639,97688.9765625,False,5.876000362310285,2.6525376698166387,-0.03141701027231081,-0.02947596219670412
2025-02-03,264723.2594477006,101405.421875,True,6.099544868263675,2.6472325944770057,-0.0019999999999998908,0.03804365081173988
2025-02-04,254987.64177043427,97871.8203125,False,5.886998429636323,2.549876417704343,-0.03677658584885202,-0.034846278405663456
2025-02-05,254987.64177043427,96615.4453125,False,5.811427365070258,2.549876417704343,0.0,-0.012836943218062613
2025-02-06,254987.64177043427,96593.296875,False,5.810095134645145,2.549876417704343,0.0,-0.00022924323774908828
2025-02-07,254987.64177043427,96529.0859375,False,5.8062328412186925,2.549876417704343,0.0,-0.0006647556256733633
2025-02-08,254987.64177043427,96482.453125,False,5.803427873526455,2.549876417704343,0.0,-0.0004830959709926086
2025-02-09,254987.64177043427,96500.09375,False,5.804488958641059,2.549876417704343,0.0,0.00018283765004545316
2025-02-10,254987.64177043427,97437.5546875,False,5.860877314853159,2.549876417704343,0.0,0.009714611676219231
2025-02-11,254987.64177043427,95747.4296875,False,5.759216150392133,2.549876417704343,0.0,-0.017345724709743937
2025-02-12,254987.64177043427,97885.859375,False,5.88784288045605,2.549876417704343,0.0,0.02233406885677658
2025-02-13,254987.64177043427,96623.8671875,False,5.811933941577584,2.549876417704343,0.0,-0.012892487184132717
2025-02-14,254987.64177043427,97508.96875,False,5.865172876869367,2.549876417704343,0.0,0.009160278803397981
2025-02-15,254987.64177043427,97580.3515625,False,5.86946655919538,2.549876417704343,0.0,0.0007320640697474623
2025-02-16,254987.64177043427,96175.03125,False,5.784936421241392,2.549876417704343,0.0,-0.014401672980240199
2025-02-17,254987.64177043427,95773.3828125,False,5.760777233098384,2.549876417704343,0.0,-0.004176223623530095
2025-02-18,254987.64177043427,95539.546875,False,5.746711981298023,2.549876417704343,0.0,-0.0024415545387781457
2025-02-19,254987.64177043427,96635.609375,False,5.812640235168041,2.549876417704343,0.0,0.011472343504350446
2025-02-20,254987.64177043427,98333.9375,False,5.914794818305034,2.549876417704343,0.0,0.017574558032842136
2025-02-21,254987.64177043427,96125.546875,False,5.781959931818937,2.549876417704343,0.0,-0.02245807176184722
2025-02-22,254987.64177043427,96577.7578125,False,5.809160458696099,2.549876417704343,0.0,0.0047043783073406065
2025-02-23,254987.64177043427,96273.921875,False,5.790884700860816,2.549876417704343,0.0,-0.0031460239332734563
2025-02-24,254987.64177043427,91418.171875,False,5.498810919731238,2.549876417704343,0.0,-0.05043681513571863
2025-02-25,254987.64177043427,88736.171875,False,5.337488388507527,2.549876417704343,0.0,-0.029337712021491935
2025-02-26,254987.64177043427,84347.0234375,False,5.073480731589521,2.549876417704343,0.0,-0.04946290046952728
2025-02-27,254987.64177043427,84704.2265625,False,5.094966530353884,2.549876417704343,0.0,0.004234922709094535
2025-02-28,254987.64177043427,84373.0078125,False,5.075043693985966,2.549876417704343,0.0,-0.003910297790814643
2025-03-01,254987.64177043427,86031.9140625,False,5.174827047943026,2.549876417704343,0.0,0.019661575342751147
2025-03-02,254987.64177043427,94248.3515625,False,5.669046471933112,2.549876417704343,0.0,0.09550452979612833
2025-03-03,254987.64177043427,86065.671875,False,5.176857583275268,2.549876417704343,0.0,-0.08682040111941614
2025-03-04,254987.64177043427,87222.1953125,False,5.24642256774844,2.549876417704343,0.0,0.013437685575495406
2025-03-05,254987.64177043427,90623.5625,False,5.451015097319198,2.549876417704343,0.0,0.03899657851208138
2025-03-06,254987.64177043427,89961.7265625,False,5.411205608619602,2.549876417704343,0.0,-0.007303133084179958
2025-03-07,254987.64177043427,86742.671875,False,5.2175791916415815,2.549876417704343,0.0,-0.0357824911826653
2025-03-08,254987.64177043427,86154.59375,False,5.182206241722755,2.549876417704343,0.0,-0.006779571257010009
2025-03-09,254987.64177043427,80601.0390625,False,4.8481594484801,2.549876417704343,0.0,-0.0644603432710168
2025-03-10,254987.64177043427,78532.0,False,4.723706570492318,2.549876417704343,0.0,-0.02567012890361886
2025-03-11,254987.64177043427,82862.2109375,False,4.984169131704135,2.549876417704343,0.0,0.05513944554449135
2025-03-12,254987.64177043427,83722.359375,False,5.03590713437588,2.549876417704343,0.0,0.010380466895202556
2025-03-13,254987.64177043427,81066.703125,False,4.876169181985848,2.549876417704343,0.0,-0.0317197970748182
2025-03-14,254987.64177043427,83969.1015625,False,5.05074869822643,2.549876417704343,0.0,0.03580259620308812
2025-03-15,254987.64177043427,84343.109375,False,5.073245300392703,2.549876417704343,0.0,0.004454112352525463
2025-03-16,254987.64177043427,82579.6875,False,4.96717532258127,2.549876417704343,0.0,-0.020907717157540584
2025-03-17,254987.64177043427,84075.6875,False,5.057159851556166,2.549876417704343,0.0,0.01811583508353687
2025-03-18,254987.64177043427,82718.5,False,4.975524906423735,2.549876417704343,0.0,-0.01614244902844253
2025-03-19,254987.64177043427,86854.2265625,False,5.224289215712189,2.549876417704343,0.0,0.049997601050550955
2025-03-20,254987.64177043427,84167.1953125,False,5.062664054367219,2.549876417704343,0.0,-0.030937253791171848
2025-03-21,254987.64177043427,84043.2421875,False,5.055208263212078,2.549876417704343,0.0,-0.0014727011460911044
2025-03-22,254987.64177043427,83832.484375,False,5.042531162620105,2.549876417704343,0.0,-0.0025077306278807887
2025-03-23,254987.64177043427,86054.375,False,5.176178075270079,2.549876417704343,0.0,0.026503933905394295
2025-03-24,254987.64177043427,87498.9140625,False,5.26306722441774,2.549876417704343,0.0,0.016786352378946434
2025-03-25,254987.64177043427,87471.703125,False,5.261430484181173,2.549876417704343,0.0,-0.00031098600241563634
2025-03-26,254987.64177043427,86900.8828125,False,5.227095593172073,2.549876417704343,0.0,-0.006525771102047329
2025-03-27,254987.64177043427,87177.1015625,False,5.243710174798265,2.549876417704343,0.0,0.003178549412391707
2025-03-28,254987.64177043427,84353.1484375,False,5.073849150867577,2.549876417704343,0.0,-0.03239328991656609
2025-03-29,254987.64177043427,82597.5859375,False,4.968251915139977,2.549876417704343,0.0,-0.020812056603918605
2025-03-30,254987.64177043427,82334.5234375,False,4.952428683085525,2.549876417704343,0.0,-0.0031848691098437243
2025-03-31,254987.64177043427,82548.9140625,False,4.96532429766257,2.549876417704343,0.0,0.0026038970780313253
2025-04-01,254987.64177043427,85169.171875,False,5.122933030985165,2.549876417704343,0.0,0.0317418810684309
2025-04-02,254987.64177043427,82485.7109375,False,4.961522624244878,2.549876417704343,0.0,-0.03150742080055002
2025-04-03,254987.64177043427,83102.828125,False,4.998642276276629,2.549876417704343,0.0,0.007481504135517403
2025-04-04,254987.64177043427,83843.8046875,False,5.04321208039294,2.549876417704343,0.0,0.00891638201994116
2025-04-05,254987.64177043427,83504.796875,False,5.022820731244128,2.549876417704343,0.0,-0.004043325726492797
2025-04-06,254987.64177043427,78214.484375,False,4.704607978274541,2.549876417704343,0.0,-0.06335339642726356
2025-04-07,254987.64177043427,79235.3359375,False,4.766012287769761,2.549876417704343,0.0,0.013051950296130821
2025-04-08,254987.64177043427,76271.953125,False,4.587764556115273,2.549876417704343,0.0,-0.03739976334343409
2025-04-09,254987.64177043427,82573.953125,False,4.966830399430642,2.549876417704343,0.0,0.0826253916648998
2025-04-10,254987.64177043427,79626.140625,False,4.789519223415395,2.549876417704343,0.0,-0.0356990599146636
2025-04-11,254987.64177043427,83404.8359375,False,5.016808072235555,2.549876417704343,0.0,0.04745546227457886
2025-04-12,254477.6664868934,85287.109375,True,5.130026981777931,2.544776664868934,-0.002000000000000113,0.022567917271733462
2025-04-13,249197.8658471692,83684.9765625,False,5.033658554981114,2.491978658471692,-0.020747599239700376,-0.01878516957885823
2025-04-14,248699.47011547486,84542.390625,True,5.08523208476087,2.4869947011547486,-0.0019999999999998908,0.010245734631468162
2025-04-15,245637.9220005384,83668.9921875,False,5.032697093446801,2.4563792200053842,-0.012310231756886836,-0.01033089354397465
2025-04-16,245637.9220005384,84033.8671875,False,5.05464435615383,2.4563792200053842,0.0,0.004360934564412
2025-04-17,245146.64615653735,84895.75,True,5.10648668163135,2.4514664615653734,-0.0020000000000000018,0.01025637449930672
2025-04-18,243861.81327523943,84450.8046875,True,5.079723182724331,2.4386181327523944,-0.005241078764249063,-0.005241078764249063
2025-04-19,245630.7962182643,85063.4140625,True,5.116571689445575,2.456307962182643,0.007254038339443714,0.007254038339443714
2025-04-20,245951.0061794102,85174.3046875,True,5.123241770099557,2.459510061794102,0.0013036230231544543,0.0013036230231544543
2025-04-21,252721.3240059239,87518.90625,True,5.264269756219455,2.527213240059239,0.027527099529631727,0.02752709952963195
2025-04-22,269824.6507892885,93441.890625,True,5.6205377770149365,2.6982465078928852,0.06767662701452015,0.06767662701451993
2025-04-23,270567.4007372079,93699.109375,True,5.636009507003079,2.705674007372079,0.0027527134594511615,0.0027527134594511615
2025-04-24,271273.9651998745,93943.796875,True,5.650727481223363,2.712739651998745,0.0026114175645011173,0.0026114175645013393
2025-04-25,273516.78849966335,94720.5,True,5.697446241154148,2.7351678849966334,0.008267742531563371,0.008267742531563593
2025-04-26,273304.3454107447,94646.9296875,True,5.693020980514544,2.733043454107447,-0.0007767095032227278,-0.0007767095032226168
2025-04-27,270728.34042037086,93754.84375,True,5.639361934464366,2.7072834042037086,-0.009425408097710308,-0.00942540809771053
2025-04-28,274262.51630547136,94978.75,True,5.712980000918699,2.7426251630547136,0.01305432552651431,0.013054325526514532
2025-04-29,272258.6209821864,94284.7890625,True,5.671238190699504,2.722586209821864,-0.007306486319308192,-0.007306486319308414
2025-04-30,272034.8981285381,94207.3125,True,5.66657796878563,2.720348981285381,-0.0008217291810309613,-0.0008217291810308502
2025-05-01,278633.1769833949,96492.3359375,True,5.804022325550359,2.786331769833949,0.02425526614507789,0.02425526614507767
2025-05-02,279839.4350235859,96910.0703125,True,5.829149084220812,2.798394350235859,0.0043291974532626565,0.0043291974532628785
2025-05-03,276899.0485133847,95891.796875,True,5.76789984916661,2.768990485133847,-0.010507405827035687,-0.010507405827035798
2025-05-04,272348.67862378806,94315.9765625,True,5.673114121513278,2.7234867862378804,-0.016433317174712858,-0.016433317174712636
2025-05-05,273596.3559600665,94748.0546875,True,5.6991036579828505,2.735963559600665,0.0045811763897041224,0.0045811763897039
2025-05-06,279528.7451838718,96802.4765625,True,5.822677310882313,2.795287451838718,0.021682997944136417,0.021682997944136417
2025-05-07,280192.4465405657,97032.3203125,True,5.836502432260371,2.8019244654056568,0.0023743581586119777,0.0023743581586117557
2025-05-08,298122.0837689671,103241.4609375,True,6.209982776163789,2.981220837689671,0.06399043746457878,0.06399043746457855
2025-05-09,297340.6667875544,102970.8515625,True,6.1937055989274485,2.973406667875544,-0.002621130818400763,-0.002621130818400763
2025-05-10,302323.18702347414,104696.328125,True,6.29749316292062,3.023231870234741,0.0167569417589275,0.016756941758927724
2025-05-11,300619.5815968225,104106.359375,True,6.262006491745047,3.006195815968225,-0.005635047193781273,-0.005635047193781384
2025-05-12,296884.7161376516,102812.953125,True,6.1842079942989,2.968847161376516,-0.012423892812744142,-0.01242389281274392
2025-05-13,300802.81009509123,104169.8125,True,6.265823202684292,3.0080281009509124,0.013197358248725033,0.013197358248725033
2025-05-14,298982.45910348743,103539.4140625,True,6.2279046823200215,2.9898245910348744,-0.006051642240404442,-0.006051642240404442
2025-05-15,299575.0753828549,103744.640625,True,6.240249077747628,2.995750753828549,0.001982110526298042,0.001982110526298042
2025-05-16,298837.7171624763,103489.2890625,True,6.2248896592485865,2.988377171624763,-0.0024613470244020386,-0.0024613470244020386
2025-05-17,297976.6199230132,103191.0859375,True,6.206952715570801,2.979766199230132,-0.0028814878109744146,-0.0028814878109744146
2025-05-18,307375.59668165894,106446.0078125,True,6.4027365469691695,3.0737559668165892,0.03154266519659865,0.03154266519659865
2025-05-19,304950.4923838386,105606.1796875,True,6.352220812846179,3.0495049238383856,-0.007889709931436006,-0.007889709931436006
2025-05-20,308372.0510978781,106791.0859375,True,6.423493025938197,3.0837205109787806,0.011220046530480143,0.011220046530480143
2025-05-21,316708.5868166361,109678.078125,True,6.597145854913058,3.1670858681663607,0.027034018449719976,0.027034018449719976
2025-05-22,322469.97480713966,111673.28125,True,6.717157494894585,3.2246997480713966,0.018191448638679386,0.018191448638679386
2025-05-23,309806.3634213736,107287.796875,True,6.453370231651845,3.098063634213736,-0.03927066820202352,-0.03927066820202341
2025-05-24,311259.87390443904,107791.15625,True,6.4836473414543,3.1125987390443903,0.004691674073487251,0.004691674073487251
2025-05-25,314852.7496851928,109035.390625,True,6.558488146379934,3.1485274968519277,0.011543009819045214,0.011543009819045214
2025-05-26,316022.1680137767,109440.3671875,True,6.58284752152862,3.160221680137767,0.003714175371671846,0.003714175371671846
2025-05-27,314735.0791795328,108994.640625,True,6.556037030366747,3.1473507917953283,-0.004072780217708516,-0.004072780217708516
2025-05-28,311292.13403156586,107802.328125,True,6.484319330698712,3.112921340315659,-0.010939184653144474,-0.010939184653144474
2025-05-29,305053.22848099645,105641.7578125,True,6.354360840132231,3.0505322848099645,-0.020041963379443417,-0.020041963379443528
2025-05-30,300308.3277688719,103998.5703125,True,6.255522970342835,3.0030832776887193,-0.015554336978341854,-0.015554336978341743
2025-05-31,302155.0282908842,104638.09375,True,6.2939903602438,3.021550282908842,0.006149348357177731,0.006149348357177731
2025-06-01,305083.0972980006,105652.1015625,True,6.354983017586499,3.050830972980006,0.009690618169350795,0.009690618169351017
2025-06-02,305745.6029996331,105881.53125,True,6.368783233069483,3.0574560299963314,0.0021715582000447764,0.0021715582000445544
2025-06-03,304448.88124631013,105432.46875,True,6.341772084979384,3.0444888124631015,-0.004241178746647534,-0.004241178746647534
2025-06-04,302426.14871592657,104731.984375,True,6.299637889432159,3.0242614871592655,-0.0066439151364368065,-0.0066439151364365845
2025-06-05,293312.7304811772,101575.953125,True,6.109802337653214,2.933127304811772,-0.030134359325223903,-0.030134359325224014
2025-06-06,301439.6204926695,104390.34375,True,6.279088176384489,3.0143962049266952,0.027707252931573167,0.027707252931573167
2025-06-07,304977.76685495494,105615.625,True,6.352788949207364,3.0497776685495492,0.011737496074678777,0.011737496074678777
2025-06-08,305491.830852745,105793.6484375,True,6.363497074320953,3.05491830852745,0.0016855786016511942,0.0016855786016509722
2025-06-09,318487.4282740347,110294.1015625,True,6.634199717788014,3.184874282740347,0.04253991795791712,0.04253991795791734
2025-06-10,318380.96985451604,110257.234375,True,6.631982153281451,3.1838096985451605,-0.0003342625487466888,-0.0003342625487466888
2025-06-11,313845.6471710688,108686.625,True,6.537509863967996,3.1384564717106884,-0.014244955298426398,-0.014244955298426287
2025-06-12,305882.83261733426,105929.0546875,True,6.3716417719322544,3.0588283261733427,-0.02537175399916969,-0.02537175399916969
2025-06-13,306350.37886537914,106090.96875,True,6.381380916750754,3.0635037886537915,0.0015285141831735682,0.0015285141831735682
2025-06-14,304564.20556090627,105472.40625,True,6.344174329047522,3.0456420556090626,-0.0058304915798971235,-0.0058304915798971235
2025-06-15,304794.1097256264,105552.0234375,True,6.348963309739697,3.047941097256264,0.0007548627203146641,0.0007548627203146641
2025-06-16,308388.42931626557,106796.7578125,True,6.423834189708438,3.0838842931626558,0.011792615001237294,0.011792615001237072
2025-06-17,302048.25403795316,104601.1171875,True,6.291766216821559,3.0204825403795317,-0.020559056941174325,-0.020559056941174436
2025-06-18,302863.171920613,104883.328125,True,6.308741229042482,3.0286317192061296,0.002697972498650447,0.0026979724986506692
2025-06-19,302288.42278857727,104684.2890625,True,6.2967690122733195,3.022884227885773,-0.0018977187896134229,-0.0018977187896134229
2025-06-20,297722.2102889416,103309.6015625,False,6.2140814406321585,2.9772221028894164,-0.015105482563681494,-0.013131746055793259
2025-06-21,297722.2102889416,102257.40625,False,6.150791801872195,2.9772221028894164,0.0,-0.010184874363913243
2025-06-22,297722.2102889416,100987.140625,False,6.074385215014824,2.9772221028894164,0.0,-0.012422235919953284
2025-06-23,297126.7658683637,105577.7734375,True,6.350512174459686,2.971267658683637,-0.002000000000000113,0.04545759771084712
2025-06-24,298443.45913105353,106045.6328125,True,6.378653956201574,2.9844345913105355,0.004431419225534139,0.004431419225533917
2025-06-25,302146.01307416137,107361.2578125,True,6.4577889133757695,3.021460130741614,0.012406215749838134,0.012406215749838134
2025-06-26,301016.75610817585,106960.0,True,6.4336532213601885,3.0101675610817584,-0.003737454466123835,-0.003737454466123835
2025-06-27,301378.1948508763,107088.4296875,True,6.441378278135644,3.013781948508763,0.0012007263229245613,0.0012007263229245613
2025-06-28,302051.58035928226,107327.703125,True,6.455770596029788,3.0205158035928226,0.002234353778444831,0.002234353778444831
2025-06-29,305028.72835081676,108385.5703125,True,6.519401398559993,3.0502872835081676,0.009856422495764683,0.009856422495764683
2025-06-30,301510.20277174574,107135.3359375,True,6.4441996931170795,3.0151020277174574,-0.011535062936840257,-0.011535062936840257
2025-07-01,296870.97831515013,105698.28125,False,6.357760729770921,2.9687097831515015,-0.015386625109027108,-0.013413452013053329
2025-07-02,296277.2363585198,108859.3203125,True,6.54789750190348,2.962772363585198,-0.002000000000000113,0.02990624847553991
2025-07-03,298423.68457734125,109647.9765625,True,6.5953352433335315,2.9842368457734123,0.007244728772290987,0.007244728772290765
2025-07-04,294031.9156091132,108034.3359375,True,6.498274620622715,2.9403191560911317,-0.014716556343200904,-0.014716556343200793
2025-07-05,294567.6558845166,108231.1796875,True,6.510114789155739,2.945676558845166,0.0018220480395592098,0.0018220480395592098
2025-07-06,297291.7323110539,109232.0703125,True,6.570318446539438,2.972917323110539,0.009247710575546852,0.009247710575546852
2025-07-07,294754.55686168745,108299.8515625,True,6.514245408357408,2.9475455686168743,-0.00853429535239092,-0.00853429535239092
2025-07-08,296524.7791544496,108950.2734375,True,6.553368340213587,2.965247791544496,0.006005750382996888,0.006005750382996888
2025-07-09,302992.19085185416,111326.5546875,True,6.696301862267815,3.0299219085185416,0.021810695604753905,0.021810695604753683
2025-07-10,315676.8561128276,115987.203125,True,6.976640267592696,3.156768561128276,0.04186466068749439,0.041864660687494615
2025-07-11,319840.4102701371,117516.9921875,True,7.068657211590029,3.1984041027013705,0.0131892917605001,0.0131892917605001
2025-07-12,319617.87265613594,117435.2265625,True,7.063739002197005,3.1961787265613593,-0.0006957770402219454,-0.0006957770402219454
2025-07-13,324192.6727519506,119116.1171875,True,7.164844718205657,3.2419267275195063,0.014313342548076369,0.014313342548076147
2025-07-14,326189.2387195687,119849.703125,True,7.208969975591048,3.261892387195687,0.006158578325259345,0.006158578325259345
2025-07-15,320548.57148113527,117777.1875,True,7.0843079820691655,3.2054857148113527,-0.01729262210051885,-0.01729262210051885
2025-07-16,323164.95126951893,118738.5078125,True,7.142131481744507,3.2316495126951894,0.00816219450392297,0.00816219450392297
2025-07-17,324665.49607724615,119289.84375,True,7.175294385917549,3.2466549607724615,0.004643278306736276,0.004643278306736054
2025-07-18,321163.77125047357,118003.2265625,True,7.097904251166083,3.2116377125047357,-0.01078563897020779,-0.01078563897020779
2025-07-19,320991.6267327062,117939.9765625,True,7.094099758213101,3.209916267327062,-0.0005360022928398989,-0.0005360022928397878
2025-07-20,319251.98050424113,117300.7890625,True,7.055652574981723,3.1925198050424113,-0.00541960002562214,-0.005419600025622251
2025-07-21,319629.60978234734,117439.5390625,True,7.0639983994438,3.1962960978234736,0.0011828564931994912,0.0011828564931994912
2025-07-22,326585.8132503097,119995.4140625,True,7.217734501043874,3.2658581325030966,0.02176332622218302,0.02176332622218302
2025-07-23,323209.73095756467,118754.9609375,True,7.1431211386317335,3.2320973095756464,-0.010337504434577038,-0.010337504434577038
2025-07-24,322156.55777209846,118368.0,True,7.119845404879981,3.2215655777209844,-0.0032584822936673197,-0.0032584822936673197
2025-07-25,320163.98923152336,117635.8828125,True,7.0758084929337155,3.2016398923152334,-0.006185093838706468,-0.006185093838706468
2025-07-26,321011.7414453801,117947.3671875,True,7.09454430494402,3.210117414453801,0.002647868724685587,0.002647868724685809
2025-07-27,325097.2819866213,119448.4921875,True,7.184837103110758,3.250972819866213,0.012727075099638885,0.012727075099638885
2025-07-28,320949.4411196565,117924.4765625,True,7.093167431876797,3.209494411196565,-0.012758768211219573,-0.012758768211219684
2025-07-29,320943.1047725351,117922.1484375,True,7.093027394957332,3.209431047725351,-1.97425086621017e-05,-1.9742508661990676e-05
2025-07-30,320695.5407136955,117831.1875,True,7.0875560867246765,3.206955407136955,-0.0007713643170962348,-0.0007713643170961237
2025-07-31,315053.5977006739,115758.203125,True,6.962865897849881,3.150535977006739,-0.017592832754910304,-0.017592832754910526
2025-08-01,308417.8900721764,113320.0859375,True,6.816212938823956,3.084178900721764,-0.021062154747402584,-0.021062154747402473
2025-08-02,306259.15189148876,112526.9140625,True,6.7685035821608475,3.0625915189148873,-0.006999393518263397,-0.006999393518263508
2025-08-03,310860.8070423849,114217.671875,True,6.870202810348306,3.1086080704238492,0.015025363723747853,0.015025363723748075
2025-08-04,313185.6723373657,115071.8828125,True,6.92158367188316,3.131856723373657,0.007478798363486749,0.007478798363486527
2025-08-05,310653.34483143437,114141.4453125,True,6.865617776042197,3.1065334483143436,-0.008085706753543587,-0.008085706753543587
2025-08-06,313066.23857300065,115028.0,True,6.918944116928008,3.1306623857300067,0.007767158415357134,0.007767158415357134
2025-08-07,319785.72206612304,117496.8984375,True,7.067448570795183,3.1978572206612306,0.021463456180234264,0.021463456180234486
2025-08-08,317586.1590986131,116688.7265625,True,7.018836962838877,3.175861590986131,-0.006878240070565589,-0.0068782400705657
2025-08-09,317073.4890803462,116500.359375,True,7.007506660271021,3.170734890803462,-0.0016142706587779498,-0.0016142706587778388
2025-08-10,324711.53027697024,119306.7578125,True,7.176311768235139,3.247115302769702,0.02408918266480664,0.02408918266480664
2025-08-11,323145.72959905677,118731.4453125,True,7.141706671760627,3.231457295990568,-0.004822128356753552,-0.004822128356753663
2025-08-12,327068.8852981304,120172.90625,True,7.228410671424163,3.270688852981304,0.01214051537658034,0.01214051537658034
2025-08-13,335699.6704905597,123344.0625,True,7.419155993257081,3.356996704905597,0.026388279596092357,0.026388279596092357
2025-08-14,322133.6363553305,118359.578125,True,7.119338828372655,3.221336363553305,-0.040411222672351976,-0.040411222672351865
2025-08-15,319517.51172186446,117398.3515625,True,7.061520967767895,3.1951751172186444,-0.00812124018797078,-0.008121240187970669
2025-08-16,319770.6254001627,117491.3515625,True,7.067114925785719,3.197706254001627,0.0007921746665284779,0.0007921746665282559
2025-08-17,319666.41587921686,117453.0625,True,7.064811835375323,3.1966641587921685,-0.00032588834829794244,-0.00032588834829794244
2025-08-18,316398.3916940921,116252.3125,True,6.9925866193548645,3.163983916940921,-0.010223232791396919,-0.01022323279139703
2025-08-19,306473.08266233385,112831.1796875,False,6.7868051857363,3.0647308266233386,-0.031369657028327946,-0.029428514056440758
2025-08-20,306473.08266233385,114274.7421875,False,6.873635594565393,3.0647308266233386,0.0,0.012794003430595335
2025-08-21,306473.08266233385,112419.03125,False,6.762014421688053,3.0647308266233386,0.0,-0.01623902974513114
2025-08-22,305860.1364970092,116874.0859375,True,7.029986345225546,3.058601364970092,-0.0020000000000000018,0.03962900798880531
2025-08-23,301331.3913907255,115374.328125,False,6.939775783504802,3.013313913907255,-0.014806588260081965,-0.012832252765613172
2025-08-24,301331.3913907255,113458.4296875,False,6.824534327313508,3.013313913907255,0.0,-0.016605933647771853
2025-08-25,301331.3913907255,110124.3515625,False,6.623989240653328,3.013313913907255,0.0,-0.029385900493979156
2025-08-26,301331.3913907255,111802.65625,False,6.724939412298413,3.013313913907255,0.0,0.015240086898922645
2025-08-27,301331.3913907255,111222.0625,False,6.690016648181088,3.013313913907255,0.0,-0.005193022862549301
2025-08-28,301331.3913907255,112544.8046875,False,6.769579704797005,3.013313913907255,0.0,0.01189280397942638
2025-08-29,301331.3913907255,108410.8359375,False,6.520921128081972,3.013313913907255,0.0,-0.036731759955323406
2025-08-30,301331.3913907255,108808.0703125,False,6.544814809985056,3.013313913907255,0.0,0.003664157476186425
2025-08-31,301331.3913907255,108236.7109375,False,6.510447494320105,3.013313913907255,0.0,-0.00525107534173741
2025-09-01,301331.3913907255,109250.59375,False,6.5714326329020265,3.013313913907255,0.0,0.009367272930950854
2025-09-02,301331.3913907255,111200.5859375,False,6.688724831095151,3.013313913907255,0.0,0.017848801737061493
2025-09-03,301331.3913907255,111723.2109375,False,6.720160769902306,3.013313913907255,0.0,0.004699840343410866
2025-09-04,301331.3913907255,110723.6015625,False,6.660034179816568,3.013313913907255,0.0,-0.008947195185422974
2025-09-05,301331.3913907255,110650.984375,False,6.655666249727886,3.013313913907255,0.0,-0.0006558419928113235
2025-09-06,301331.3913907255,110224.6953125,False,6.630024925866781,3.013313913907255,0.0,-0.0038525555367432407
2025-09-07,301331.3913907255,111167.6171875,False,6.686741757940311,3.013313913907255,0.0,0.008554542812086785
2025-09-08,301331.3913907255,112071.4296875,False,6.741106157735848,3.013313913907255,0.0,0.008130177859939192
2025-09-09,301331.3913907255,111530.546875,False,6.708572009932753,3.013313913907255,0.0,-0.004826232823193277
2025-09-10,301331.3913907255,113955.359375,False,6.854424690858514,3.013313913907255,0.0,0.02174124101370767
2025-09-11,300728.72860794404,115507.5390625,True,6.947788432879964,3.0072872860794404,-0.0020000000000000018,0.013620945043858468
2025-09-12,302275.33425341983,116101.578125,True,6.9835199337033265,3.022753342534198,0.00514285965506156,0.00514285965506156
2025-09-13,301882.0163507334,115950.5078125,True,6.974433041382202,3.018820163507334,-0.0013011908618274504,-0.0013011908618274504
2025-09-14,300468.67951109103,115407.65625,True,6.941780473096875,3.0046867951109104,-0.004681752350561785,-0.004681752350561785
2025-09-15,300565.58008969156,115444.875,True,6.944019184118122,3.0056558008969154,0.0003224981011604733,0.0003224981011604733
2025-09-16,304206.145404602,116843.1875,True,7.028127801546069,3.04206145404602,0.012112382641498831,0.012112382641498831
2025-09-17,303230.651103783,116468.5078125,True,7.005590786040622,3.03230651103783,-0.0032066883445813765,-0.0032066883445815986
2025-09-18,304971.627431271,117137.203125,True,7.045812866737837,3.04971627431271,0.00574142594474103,0.005741425944741474
2025-09-19,301200.8036559581,115688.859375,True,6.958694865309037,3.012008036559581,-0.012364506846338386,-0.012364506846338497
2025-09-20,301286.98496400396,115721.9609375,True,6.960685927147202,3.0128698496400395,0.0002861257573014697,0.0002861257573012477
2025-09-21,300204.2572772945,115306.09375,True,6.93567147996585,3.0020425727729454,-0.003593675600818802,-0.003593675600818802
2025-09-22,292958.3839352016,112748.5078125,False,6.781832465327646,2.9295838393520164,-0.024136477636291453,-0.022180839314921208
2025-09-23,292958.3839352016,112014.5,False,6.7376818321246335,2.9295838393520164,0.0,-0.006510133275738461
2025-09-24,292958.3839352016,113328.6328125,False,6.816727034092058,2.9295838393520164,0.0,0.011731809832655538
2025-09-25,292958.3839352016,109049.2890625,False,6.559324138593787,2.9295838393520164,0.0,-0.03776048156409062
2025-09-26,292958.3839352016,109712.828125,False,6.599236070408965,2.9295838393520164,0.0,0.0060847628462730174
2025-09-27,292958.3839352016,109681.9453125,False,6.597378466574585,2.9295838393520164,0.0,-0.0002814877077529365
2025-09-28,292958.3839352016,112122.640625,False,6.744186500041529,2.9295838393520164,0.0,0.02225248016477188
2025-09-29,292372.4671673312,114400.3828125,True,6.881192888991019,2.923724671673312,-0.002000000000000113,0.02031473906432546
2025-09-30,291492.54942311585,114056.0859375,True,6.860483402276845,2.9149254942311584,-0.0030095779973419168,-0.003009577997342028
2025-10-01,303230.4564605635,118648.9296875,True,7.136743349802944,3.032304564605635,0.04026829179914815,0.04026829179914837
2025-10-02,308424.46694716904,120681.2578125,True,7.258988061735135,3.0842446694716905,0.017128920845327578,0.017128920845327356
2025-10-03,312475.94207917416,122266.53125,True,7.354342395672202,3.1247594207917415,0.013136036748663926,0.013136036748664148
2025-10-04,312882.03799475386,122425.4296875,True,7.363900150386963,3.1288203799475385,0.001299606980548873,0.001299606980548873
2025-10-05,315662.7537704942,123513.4765625,True,7.429346263722179,3.1566275377049418,0.008887425412982486,0.008887425412982708
2025-10-06,318829.3994322781,124752.53125,True,7.503875509998131,3.1882939943227813,0.010031736794915869,0.010031736794915869
2025-10-07,310392.67142989597,121451.3828125,True,7.305311146880049,3.1039267142989595,-0.026461574802715826,-0.026461574802715604
2025-10-08,315257.396610452,123354.8671875,True,7.419805896141713,3.15257396610452,0.015672809406696242,0.015672809406696242
2025-10-09,311042.3370428136,121705.5859375,True,7.320601486764455,3.110423370428136,-0.013370216251727518,-0.013370216251727518
2025-10-10,288762.6904171618,113214.3671875,False,6.809853946897107,2.887626904171618,-0.07162898413596064,-0.06976852117831744
2025-10-11,288762.6904171618,110807.8828125,False,6.665103704270221,2.887626904171618,0.0,-0.02125599811033263
2025-10-12,288185.1650363275,115169.765625,True,6.927471331493821,2.881851650363275,-0.0020000000000000018,0.03936437283871608
2025-10-13,288438.6756636549,115271.078125,True,6.933565287103293,2.884386756636549,0.000879679657679322,0.000879679657679322
2025-10-14,282486.66178352636,113118.6640625,False,6.804097395677488,2.8248666178352635,-0.020635283622883915,-0.01867262888064536
2025-10-15,282486.66178352636,110783.1640625,False,6.663616869326639,2.8248666178352635,0.0,-0.02064646024028005
2025-10-16,282486.66178352636,108186.0390625,False,6.507399576670272,2.8248666178352635,0.0,-0.023443318504017374
2025-10-17,282486.66178352636,106467.7890625,False,6.404046691034501,2.8248666178352635,0.0,-0.01588236351834027
2025-10-18,282486.66178352636,107198.265625,False,6.447984919245572,2.8248666178352635,0.0,0.006861009972426224
2025-10-19,282486.66178352636,108666.7109375,False,6.536312031391766,2.8248666178352635,0.0,0.013698405510000677
2025-10-20,282486.66178352636,110588.9296875,False,6.65193365492483,2.8248666178352635,0.0,0.01768912239467313
2025-10-21,282486.66178352636,108476.890625,False,6.524894323229881,2.8248666178352635,0.0,-0.019098105646452757
2025-10-22,282486.66178352636,107688.5859375,False,6.477477728314514,2.8248666178352635,0.0,-0.007267028792566799
2025-10-23,282486.66178352636,110069.7265625,False,6.620703542193935,2.8248666178352635,0.0,0.022111355667553845
2025-10-24,282486.66178352636,111033.921875,False,6.67869997336714,2.8248666178352635,0.0,0.008759859251149305
2025-10-25,282486.66178352636,111641.7265625,False,6.71525947772103,2.8248666178352635,0.0,0.005474045023684315
2025-10-26,281921.6884599593,114472.4453125,True,6.885527454578755,2.819216884599593,-0.0020000000000000018,0.025355383127430242
2025-10-27,280489.9306197328,114119.328125,False,6.864287425307279,2.804899306197328,-0.005078565782035693,-0.0030847352525406047
2025-10-28,280489.9306197328,112956.1640625,False,6.794323006667849,2.804899306197328,0.0,-0.010192524628482968
2025-10-29,280489.9306197328,110055.3046875,False,6.619836065169329,2.804899306197328,0.0,-0.025681284408657246
2025-10-30,280489.9306197328,108305.546875,False,6.514587981895294,2.804899306197328,0.0,-0.015898895718551742
2025-10-31,280489.9306197328,109556.1640625,False,6.589812713543085,2.804899306197328,0.0,0.011547120379193476
2025-11-01,280489.9306197328,110064.015625,False,6.620360028810952,2.804899306197328,0.0,0.004635536182247879
2025-11-02,280489.9306197328,110639.625,False,6.6549829823423075,2.804899306197328,0.0,0.005229768982454308
2025-11-03,280489.9306197328,106547.5234375,False,6.408842720564904,2.804899306197328,0.0,-0.03698585893164397
2025-11-04,280489.9306197328,101590.5234375,False,6.1106787432062415,2.804899306197328,0.0,-0.046523840630681046
2025-11-05,280489.9306197328,103891.8359375,False,6.2491028884846775,2.804899306197328,0.0,0.02265282648549216
2025-11-06,280489.9306197328,101301.2890625,False,6.09328127061418,2.804899306197328,0.0,-0.024935037980832853
2025-11-07,280489.9306197328,103372.40625,False,6.217859147999874,2.804899306197328,0.0,0.02044512174195723
2025-11-08,280489.9306197328,102282.1171875,False,6.152278166893228,2.804899306197328,0.0,-0.010547196317199026
2025-11-09,280489.9306197328,104719.640625,False,6.298895411805465,2.804899306197328,0.0,0.023831374481930512
2025-11-10,280489.9306197328,105996.59375,False,6.375704252364386,2.804899306197328,0.0,0.012194017448672767
2025-11-11,280489.9306197328,102997.46875,False,6.195306625050326,2.804899306197328,0.0,-0.028294541304540788
2025-11-12,280489.9306197328,101663.1875,False,6.115049492830216,2.804899306197328,0.0,-0.012954505253314763
2025-11-13,280489.9306197328,99697.4921875,False,5.996812750314525,2.804899306197328,0.0,-0.01933536967351135
2025-11-14,280489.9306197328,94397.7890625,False,5.678035150441592,2.804899306197328,0.0,-0.053157837862490176
2025-11-15,280489.9306197328,95549.1484375,False,5.747289516110179,2.804899306197328,0.0,0.012196889211437911
2025-11-16,280489.9306197328,94177.078125,False,5.664759368522779,2.804899306197328,0.0,-0.01435983820826503
2025-11-17,280489.9306197328,92093.875,False,5.539454520954493,2.804899306197328,0.0,-0.02212006537551514
2025-11-18,280489.9306197328,92948.875,False,5.59088284466675,2.804899306197328,0.0,0.009284005043766586
2025-11-19,280489.9306197328,91465.9921875,False,5.501687315650853,2.804899306197328,0.0,-0.015953746750565934
2025-11-20,280489.9306197328,86631.8984375,False,5.210916159825828,2.804899306197328,0.0,-0.052851268918510996
2025-11-21,280489.9306197328,85090.6875,False,5.118212189062529,2.804899306197328,0.0,-0.017790340109098524
2025-11-22,280489.9306197328,84648.359375,False,5.091606114209271,2.804899306197328,0.0,-0.0051983141515926645
2025-11-23,280489.9306197328,86805.0078125,False,5.221328703656385,2.804899306197328,0.0,0.02547773463565739
2025-11-24,280489.9306197328,88270.5625,False,5.309481944459619,2.804899306197328,0.0,0.01688329653360099
2025-11-25,280489.9306197328,87341.890625,False,5.253622251114627,2.804899306197328,0.0,-0.010520742688141294
2025-11-26,280489.9306197328,90518.3671875,False,5.444687590203102,2.804899306197328,0.0,0.03636830551491155
2025-11-27,280489.9306197328,91285.375,False,5.490823176251149,2.804899306197328,0.0,0.008473504729832548
2025-11-28,280489.9306197328,90919.265625,False,5.46880166578145,2.804899306197328,0.0,-0.004010602738938163
2025-11-29,280489.9306197328,90851.7578125,False,5.4647410650395125,2.804899306197328,0.0,-0.0007425028351906171
2025-11-30,280489.9306197328,90394.3125,False,5.437225690054829,2.804899306197328,0.0,-0.005035073877646679
2025-12-01,280489.9306197328,86321.5703125,False,5.192249896352708,2.804899306197328,0.0,-0.045055292472078845
2025-12-02,280489.9306197328,91350.203125,False,5.494722593558936,2.804899306197328,0.0,0.058254649380165446
2025-12-03,280489.9306197328,93527.8046875,False,5.625705515281235,2.804899306197328,0.0,0.023837949867722363
2025-12-04,280489.9306197328,92141.625,False,5.542326687571172,2.804899306197328,0.0,-0.01482104377550153
2025-12-05,280489.9306197328,89387.7578125,False,5.376681338823438,2.804899306197328,0.0,-0.029887330373216336
2025-12-06,280489.9306197328,89272.375,False,5.369741052704046,2.804899306197328,0.0,-0.0012908122468182626
2025-12-07,280489.9306197328,90405.640625,False,5.4379070777502125,2.804899306197328,0.0,0.012694471554050013
2025-12-08,280489.9306197328,90640.203125,False,5.452016032347588,2.804899306197328,0.0,0.0025945560296725123
2025-12-09,280489.9306197328,92691.7109375,False,5.575414404136446,2.804899306197328,0.0,0.022633530616329445
2025-12-10,280489.9306197328,92020.9453125,False,5.535067793963869,2.804899306197328,0.0,-0.00723652221127169
2025-12-11,280489.9306197328,92511.3359375,False,5.564564832335747,2.804899306197328,0.0,0.005329119618741718
2025-12-12,280489.9306197328,90270.4140625,False,5.429773188357528,2.804899306197328,0.0,-0.024223213861206738
2025-12-13,280489.9306197328,90298.7109375,False,5.431475247828341,2.804899306197328,0.0,0.00031346787642294593
2025-12-14,280489.9306197328,88175.1796875,False,5.30374466006449,2.804899306197328,0.0,-0.023516739363752204
2025-12-15,280489.9306197328,86419.78125,False,5.198157292710409,2.804899306197328,0.0,-0.019908078936967
2025-12-16,280489.9306197328,87843.984375,False,5.283823233464219,2.804899306197328,0.0,0.01648005936140917
2025-12-17,280489.9306197328,86143.7578125,False,5.18155445914793,2.804899306197328,0.0,-0.01935507109105894
2025-12-18,280489.9306197328,85462.5078125,False,5.14057721291521,2.804899306197328,0.0,-0.007908292107279724
2025-12-19,280489.9306197328,88103.3828125,False,5.299426071843404,2.804899306197328,0.0,0.03090097713717843
2025-12-20,280489.9306197328,88344.0,False,5.313899216415899,2.804899306197328,0.0,0.002731077738661769
2025-12-21,280489.9306197328,88621.75,False,5.330605902861605,2.804899306197328,0.0,0.0031439599746445612
2025-12-22,280489.9306197328,88490.015625,False,5.322682068848118,2.804899306197328,0.0,-0.0014864790528285043
2025-12-23,280489.9306197328,87414.0,False,5.257959636237654,2.804899306197328,0.0,-0.012159740479196102
2025-12-24,280489.9306197328,87611.9609375,False,5.2698670036951185,2.804899306197328,0.0,0.0022646365284737513
2025-12-25,280489.9306197328,87234.7421875,False,5.247177263361396,2.804899306197328,0.0,-0.004305562231041726
2025-12-26,280489.9306197328,87301.4296875,False,5.251188522235736,2.804899306197328,0.0,0.0007644603322913834
2025-12-27,280489.9306197328,87802.15625,False,5.281307268139334,2.804899306197328,0.0,0.005735605525503784
2025-12-28,280489.9306197328,87835.8359375,False,5.283333104246091,2.804899306197328,0.0,0.00038358610925337544
2025-12-29,280489.9306197328,87138.140625,False,5.241366671048694,2.804899306197328,0.0,-0.007943173820266769
2025-12-30,280489.9306197328,88430.1328125,False,5.319080112513555,2.804899306197328,0.0,0.014826942349620564
2025-12-31,280489.9306197328,87508.828125,False,5.263663556131838,2.804899306197328,0.0,-0.010418447402464559
2026-01-01,280489.9306197328,88731.984375,False,5.337236510021509,2.804899306197328,0.0,0.013977518339667316
2026-01-02,279928.95075849333,89944.6953125,True,5.410181177463784,2.799289507584933,-0.002000000000000113,0.013667122921255048
2026-01-03,281978.33262019296,90603.1875,True,5.449789539312604,2.8197833262019296,0.007321078638514056,0.007321078638514056
2026-01-04,284500.19052608154,91413.4921875,True,5.498529436124661,2.8450019052608155,0.008943445698309738,0.008943445698309516
2026-01-05,292184.4911130233,93882.5546875,True,5.647043758365355,2.921844911130233,0.027009825802690735,0.027009825802690735
2026-01-06,291706.6902307489,93729.03125,True,5.6378093103639895,2.917066902307489,-0.0016352711961348243,-0.0016352711961344912
2026-01-07,284172.0443397717,91308.0546875,True,5.492187361409561,2.841720443397717,-0.025829527204251246,-0.025829527204251357
2026-01-08,283297.7253775965,91027.125,True,5.475289416486598,2.832977253775965,-0.003076724046541912,-0.003076724046542023
2026-01-09,281697.9640906776,90513.1015625,True,5.4443708624053855,2.816979640906776,-0.005646925984974516,-0.005646925984974294
2026-01-10,281304.41235893406,90386.6484375,True,5.436764696034711,2.8130441235893406,-0.001397069847536625,-0.001397069847536847
2026-01-11,282676.3240673178,90827.4609375,True,5.463279605913552,2.8267632406731784,0.004876964768804504,0.004876964768804504
2026-01-12,283813.9428999397,91192.9921875,True,5.485266342114659,2.8381394289993973,0.004024457429802286,0.004024457429802286
2026-01-13,296663.7011447503,95321.78125,True,5.7336133601800086,2.966637011447503,0.04527528885126264,0.04527528885126264
2026-01-14,301666.763398176,96929.328125,True,5.830307443302964,3.01666763398176,0.016864423365986925,0.016864423365986925
2026-01-15,297377.6671061316,95551.1875,True,5.747412165895348,2.9737766710613163,-0.01421799419905967,-0.01421799419905967
2026-01-16,297296.53018973296,95525.1171875,True,5.745844034350869,2.9729653018973297,-0.0002728413239240224,-0.00027284132392391136
2026-01-17,295973.2228253351,95099.921875,True,5.72026849964656,2.959732228253351,-0.004451136256293786,-0.004451136256293897
2026-01-18,291412.2680189805,93634.4296875,True,5.6321190182237135,2.9141226801898052,-0.01541002514624834,-0.01541002514624834
2026-01-19,288048.4535230255,92553.59375,True,5.567106643400801,2.880484535230255,-0.011543146480490485,-0.011543146480490485
2026-01-20,274294.52824008063,88310.90625,False,5.311908624500282,2.7429452824008065,-0.04774865171024223,-0.04584033237499208
2026-01-21,274294.52824008063,89376.9609375,False,5.376031905861356,2.7429452824008065,0.0,0.012071608510981546
2026-01-22,274294.52824008063,89462.453125,False,5.3811742683100325,2.7429452824008065,0.0,0.000956534957143873
2026-01-23,274294.52824008063,89503.875,False,5.383665797662394,2.7429452824008065,0.0,0.00046300848627667257
2026-01-24,274294.52824008063,89110.734375,False,5.360018355174746,2.7429452824008065,0.0,-0.00439244250598092
2026-01-25,274294.52824008063,86572.21875,False,5.2073264214775286,2.7429452824008065,0.0,-0.028487203509257264
2026-01-26,274294.52824008063,88267.140625,False,5.309276118383359,2.7429452824008065,0.0,0.019578126787931138
2026-01-27,274294.52824008063,89102.5703125,False,5.359527286111521,2.7429452824008065,0.0,0.009464787027023913
2026-01-28,274294.52824008063,89184.5703125,False,5.364459593181001,2.7429452824008065,0.0,0.0009202877056455616
2026-01-29,274294.52824008063,84561.5859375,False,5.086386684462633,2.7429452824008065,0.0,-0.05183614563372585
2026-01-30,274294.52824008063,84128.65625,False,5.06034592643527,2.7429452824008065,0.0,-0.005119696877728619
2026-01-31,274294.52824008063,78621.1171875,False,4.729066977003518,2.7429452824008065,0.0,-0.06546567255435032
2026-02-01,274294.52824008063,76974.4453125,False,4.630019521757473,2.7429452824008065,0.0,-0.02094439679701987
2026-02-02,274294.52824008063,78688.765625,False,4.733136036351329,2.7429452824008065,0.0,0.022271291537603544
2026-02-03,274294.52824008063,75633.546875,False,4.549364365138748,2.7429452824008065,0.0,-0.03882661934945064
2026-02-04,274294.52824008063,73019.703125,False,4.392141438228505,2.7429452824008065,0.0,-0.03455931736640505
2026-02-05,274294.52824008063,62702.09765625,False,3.771536579769764,2.7429452824008065,0.0,-0.14129892381358533
2026-02-06,274294.52824008063,70555.390625,False,4.243912828897323,2.7429452824008065,0.0,0.1252476912623226
2026-02-07,274294.52824008063,69281.96875,False,4.167316393330342,2.7429452824008065,0.0,-0.018048541205989532
2026-02-08,274294.52824008063,70264.7265625,False,4.226429360478879,2.7429452824008065,0.0,0.014184900201757111
2026-02-09,274294.52824008063,70120.78125,False,4.217771037522024,2.7429452824008065,0.0,-0.002048614141719529
2026-02-10,274294.52824008063,68793.9609375,False,4.137962681335769,2.7429452824008065,0.0,-0.018921927121284154
2026-02-11,274294.52824008063,66991.96875,False,4.029572695902194,2.7429452824008065,0.0,-0.02619404614799148
2026-02-12,274294.52824008063,66221.84375,False,3.983249610757279,2.7429452824008065,0.0,-0.011495780977477388
2026-02-13,274294.52824008063,68857.84375,False,4.141805238015183,2.7429452824008065,0.0,0.039805596623848194
2026-02-14,274294.52824008063,69767.625,False,4.1965286586378046,2.7429452824008065,0.0,0.013212456278809848
2026-02-15,274294.52824008063,68788.1875,False,4.1376154085723975,2.7429452824008065,0.0,-0.014038567315427408
2026-02-16,274294.52824008063,68843.15625,False,4.140921783623927,2.7429452824008065,0.0,0.000799101589934903
2026-02-17,274294.52824008063,67494.21875,False,4.059783076702756,2.7429452824008065,0.0,-0.01959435873482329
2026-02-18,274294.52824008063,66425.3203125,False,3.9954887435340125,2.7429452824008065,0.0,-0.015836888807606253
2026-02-19,274294.52824008063,66957.5234375,False,4.027500807385679,2.7429452824008065,0.0,0.008012052068341324
2026-02-20,274294.52824008063,68005.421875,False,4.090531988743945,2.7429452824008065,0.0,0.015650197075734562
2026-02-21,274294.52824008063,68003.765625,False,4.090432365163655,2.7429452824008065,0.0,-2.4354675764448608e-05
2026-02-22,274294.52824008063,67659.390625,False,4.069718179223996,2.7429452824008065,0.0,-0.005064057803784383
2026-02-23,274294.52824008063,64616.73828125,False,3.886702378430743,2.7429452824008065,0.0,-0.04497014110892317
2026-02-24,274294.52824008063,64080.04296875,False,3.8544201091136663,2.7429452824008065,0.0,-0.008305824880296186
2026-02-25,274294.52824008063,67960.125,False,4.087807377807509,2.7429452824008065,0.0,0.060550552894326426
2026-02-26,274294.52824008063,67453.7734375,False,4.057350287668962,2.7429452824008065,0.0,-0.007450715585058276
2026-02-27,274294.52824008063,65881.796875,False,3.9627957619095113,2.7429452824008065,0.0,-0.023304501473983996
2026-02-28,274294.52824008063,66995.859375,False,4.0298067173313665,2.7429452824008065,0.0,0.016910019957618427
2026-03-01,274294.52824008063,65738.1015625,False,3.9541524764742086,2.7429452824008065,0.0,-0.018773664883674157
2026-03-02,274294.52824008063,68775.8515625,False,4.136873400868253,2.7429452824008065,0.0,0.04620988327616815
2026-03-03,274294.52824008063,68293.6484375,False,4.107868841327244,2.7429452824008065,0.0,-0.007011227255569685
2026-03-04,274294.52824008063,72710.578125,False,4.37354754282786,2.7429452824008065,0.0,0.06467555605177888
2026-03-05,274294.52824008063,70841.125,False,4.261099776187638,2.7429452824008065,0.0,-0.025710882421896564
2026-03-06,274294.52824008063,68136.4921875,False,4.0984158793408065,2.7429452824008065,0.0,-0.03817885179689062
2026-03-07,274294.52824008063,67272.59375,False,4.046452313845763,2.7429452824008065,0.0,-0.01267893913767515
2026-03-08,274294.52824008063,65969.78125,False,3.968088029651173,2.7429452824008065,0.0,-0.019366170194679122
2026-03-09,274294.52824008063,68402.3828125,False,4.114409223357829,2.7429452824008065,0.0,0.03687448277691541
2026-03-10,274294.52824008063,69926.921875,False,4.206110379402543,2.7429452824008065,0.0,0.022287806357257578
2026-03-11,274294.52824008063,70204.8828125,False,4.22282975375706,2.7429452824008065,0.0,0.003975020350486469
2026-03-12,274294.52824008063,70493.4609375,False,4.240187752855044,2.7429452824008065,0.0,0.004110513591635945
2026-03-13,274294.52824008063,70968.265625,False,4.268747295742584,2.7429452824008065,0.0,0.006735442992662266
2026-03-14,274294.52824008063,71214.625,False,4.283565833388256,2.7429452824008065,0.0,0.0034714019404360474
2026-03-15,273745.9391836005,72789.9140625,True,4.378319606308287,2.737459391836005,-0.0020000000000000018,0.022120302711697182
2026-03-16,281535.1349456082,74861.0859375,True,4.502900773151821,2.815351349456082,0.02845410523800873,0.028454105238008953
2026-03-17,278005.24336385296,73922.4765625,True,4.446443338325086,2.7800524336385295,-0.01253801442025071,-0.01253801442025071
2026-03-18,267938.0508645824,71245.578125,True,4.285427666525573,2.679380508645824,-0.03621223965943188,-0.03621223965943199
2026-03-19,262399.8896640172,69912.7890625,False,4.205260289512234,2.6239988966401717,-0.02066955843970164,-0.01870697238447039
2026-03-20,261875.08988468917,70522.5859375,True,4.241939624116002,2.6187508988468915,-0.0020000000000000018,0.008722250723752989
2026-03-21,254639.67982500815,68711.5234375,False,4.1330040586035715,2.5463967982500817,-0.027629241341232347,-0.025680602546324982
2026-03-22,254639.67982500815,67845.2109375,False,4.080895287041028,2.5463967982500817,0.0,-0.012607965253281006
2026-03-23,254130.40046535814,70914.859375,True,4.265534905200762,2.5413040046535813,-0.002000000000000113,0.04524488014825101
2026-03-24,252707.71176691147,70517.859375,True,4.241655320974135,2.5270771176691147,-0.005598262529164066,-0.005598262529164066
2026-03-25,255546.0059569269,71309.8828125,True,4.2892955990226085,2.555460059569269,0.011231529778693128,0.011231529778693128
2026-03-26,246028.53728063134,68791.625,False,4.137822174493755,2.460285372806313,-0.03724366045423455,-0.03531428903229916
2026-03-27,246028.53728063134,66338.375,False,3.990258975491307,2.460285372806313,0.0,-0.03566204461662292
2026-03-28,246028.53728063134,66319.6953125,False,3.989135390677747,2.460285372806313,0.0,-0.0002815819275042708
2026-03-29,246028.53728063134,65954.921875,False,3.967194236963849,2.460285372806313,0.0,-0.00550022788526372
2026-03-30,246028.53728063134,66691.4453125,False,4.011496185227491,2.460285372806313,0.0,0.011167073154841889
2026-03-31,246028.53728063134,68233.3125,False,4.1042396294848675,2.460285372806313,0.0,0.02311941479563351
2026-04-01,246028.53728063134,68078.5546875,False,4.094930933720831,2.460285372806313,0.0,-0.002268068291423009
2026-04-02,246028.53728063134,66888.5703125,False,4.023353270972262,2.460285372806313,0.0,-0.017479577533077162
2026-04-03,246028.53728063134,66931.1015625,False,4.025911529326515,2.460285372806313,0.0,0.0006358522809097877
2026-04-04,246028.53728063134,67290.515625,False,4.047530316172114,2.460285372806313,0.0,0.005369911059425636
2026-04-05,245536.4802060701,68981.8984375,True,4.149267138163456,2.455364802060701,-0.0019999999999998908,0.02513553056906015
2026-04-06,245101.97904637727,68859.828125,True,4.141924598342513,2.4510197904637727,-0.0017695992030518637,-0.0017695992030517527
2026-04-07,256068.1487313166,71940.703125,True,4.327239495204499,2.560681487313166,0.04474125312086663,0.04474125312086663
2026-04-08,253158.86800638467,71123.359375,True,4.278076198176207,2.5315886800638467,-0.011361353371537541,-0.011361353371537541
2026-04-09,255452.81166496893,71767.828125,True,4.316841049050399,2.5545281166496894,0.009061281070850802,0.009061281070850802
2026-04-10,259764.0642597935,72979.046875,True,4.3896959612859,2.597640642597935,0.016876904061948084,0.01687690406194786
2026-04-11,260031.82820646113,73054.2734375,True,4.394220845505796,2.6003182820646114,0.0010307967248304184,0.0010307967248306404
2026-04-12,251842.04445975472,70753.40625,True,4.255823485812627,2.518420444597547,-0.031495312720733026,-0.031495312720733026
2026-04-13,265123.12509124045,74484.640625,True,4.480257555150404,2.6512312509124043,0.05273575609654846,0.052735756096548236
2026-04-14,264044.50550838193,74181.609375,True,4.462030199337621,2.6404450550838194,-0.004068372317530877,-0.004068372317531099
2026-04-15,266263.7010634619,74805.078125,True,4.499531898401335,2.662637010634619,0.008404626904874313,0.008404626904874313
2026-04-16,267499.019144552,75152.1328125,True,4.520407267775144,2.67499019144552,0.004639453579876607,0.004639453579877051
2026-04-17,274527.9826410046,77126.875,True,4.639188180602043,2.745279826410046,0.026276595401848013,0.02627659540184779
2026-04-18,269542.412054411,75726.2109375,True,4.554938116486986,2.6954241205441103,-0.01816051878803604,-0.018160518788035818
2026-04-19,262886.77195436653,73856.3515625,True,4.44246591387424,2.628867719543665,-0.024692366775663444,-0.024692366775663444
2026-04-20,270063.2016684095,75872.5234375,True,4.56373882597605,2.700632016684095,0.027298557704868998,0.02729855770486922
2026-04-21,271772.6196068822,76352.7734375,True,4.592625904879922,2.7177261960688224,0.0063296958930805225,0.0063296958930803005
2026-04-22,278358.7395213759,78203.1015625,True,4.703923301121318,2.7835873952137593,0.024233934691509695,0.024233934691509695
2026-04-23,278593.1337789791,78268.953125,True,4.707884278282964,2.7859313377897914,0.0008420581944228456,0.0008420581944228456
2026-04-24,275697.03408122767,77455.3125,True,4.65894372454268,2.7569703408122765,-0.010395445352393673,-0.010395445352393673
2026-04-25,276254.80843393924,77612.015625,True,4.668369431021302,2.7625480843393926,0.0020231423764509593,0.0020231423764509593
2026-04-26,279976.2795826246,78657.5390625,True,4.731257755924813,2.799762795826246,0.013471154293320797,0.013471154293320797
2026-04-27,275381.35682267835,77366.625,True,4.65360916377165,2.7538135682267835,-0.01641182876919489,-0.01641182876919478
2026-04-28,271765.13923491695,76350.671875,True,4.592499495714365,2.7176513923491696,-0.013131671764148867,-0.013131671764148978
2026-04-29,269720.10564867896,75776.1328125,True,4.5579409215721585,2.6972010564867896,-0.007525003361340765,-0.007525003361340765
2026-04-30,271600.15393056767,76304.3203125,True,4.589711445233875,2.716001539305677,0.00697036758667724,0.00697036758667724
2026-05-01,278272.9516124061,78179.0,True,4.70247359005907,2.782729516124061,0.024568460603834108,0.024568460603834108
2026-05-02,279975.25068387843,78657.25,True,4.731240368790517,2.7997525068387845,0.006117371672699878,0.006117371672699878
2026-05-03,279551.5946731316,78538.2265625,True,4.724081098763505,2.795515946731316,-0.00151319093281288,-0.00151319093281288
2026-05-04,284142.123757351,79827.90625,True,4.801655443153998,2.84142123757351,0.016421044171065935,0.016421044171065935
2026-05-05,288054.4695274848,80927.0546875,True,4.867769316430689,2.880544695274848,0.013768974900303155,0.013768974900302933
2026-05-06,289835.882570114,81427.53125,True,4.897873024812733,2.89835882570114,0.006184292316489204,0.006184292316489204
2026-05-07,284790.24654320447,80009.9921875,True,4.812607927992828,2.847902465432045,-0.017408596831308243,-0.017408596831308132
2026-05-08,285419.4598385881,80186.765625,True,4.823240865498651,2.854194598385881,0.0022093920105095144,0.0022093920105095144
2026-05-09,287119.4508399001,80664.3671875,True,4.851968640658568,2.871194508399001,0.0059561145630133705,0.0059561145630133705
2026-05-10,292368.05800054385,82138.9296875,True,4.940663702160269,2.9236805800054384,0.01828022150812192,0.01828022150812214
2026-05-11,290906.4378114486,81728.296875,True,4.91596410308644,2.909064378114486,-0.004999247178679611,-0.004999247178679611
2026-05-12,286454.28170454956,80477.4921875,True,4.840728093297483,2.8645428170454954,-0.015304426194186593,-0.015304426194186482
2026-05-13,282181.6267167429,79277.1171875,True,4.768525433559354,2.8218162671674287,-0.014915661104390465,-0.014915661104390798
2026-05-14,288496.53448336554,81051.25,True,4.875239675184835,2.884965344833655,0.022378876470797282,0.022378876470797504
2026-05-15,281429.0289960436,79065.6796875,True,4.755807449705658,2.814290289960436,-0.024497713637975926,-0.024497713637975815
2026-05-16,278103.6560565527,78131.4375,True,4.699612701583557,2.781036560565527,-0.0118160267665125,-0.0118160267665125
2026-05-17,275604.6278505935,77429.3515625,True,4.657382171913881,2.7560462785059348,-0.008985959556932488,-0.008985959556932488
2026-05-18,273913.25735228974,76954.171875,True,4.628800072744011,2.7391325735228973,-0.00613694520115482,-0.006136945201154598
2026-05-19,273189.74687722494,76750.90625,True,4.616573627876088,2.7318974687722495,-0.002641385386229267,-0.002641385386229267
2026-05-20,275705.7936246071,77457.7734375,True,4.65909175014547,2.757057936246071,0.009209887179671084,0.009209887179670861
2026-05-21,275995.52594990877,77539.171875,True,4.663987873178712,2.7599552594990877,0.0010508749979196708,0.0010508749979196708
2026-05-22,268157.98735743214,75488.2421875,False,4.5406242756584465,2.6815798735743215,-0.028397339288387835,-0.02645023976792371
2026-05-23,267621.67138271726,76673.3671875,True,4.611909646581824,2.6762167138271726,-0.002000000000000113,0.015699464786268935
2026-05-24,268695.8730668682,76981.125,True,4.6304213055364745,2.686958730668682,0.004013881531345742,0.004013881531345742
2026-05-25,269738.8246525236,77279.9296875,True,4.648394433250497,2.6973882465252363,0.0038815318365379436,0.0038815318365379436
2026-05-26,264133.7571389014,75825.734375,False,4.560924459832841,2.641337571389014,-0.02077960976082205,-0.01881724424932052
2026-05-27,264133.7571389014,74344.703125,False,4.471840302460949,2.641337571389014,0.0,-0.019532039646005694
2026-05-28,264133.7571389014,73536.5546875,False,4.423230104272289,2.641337571389014,0.0,-0.010870289388891896
2026-05-29,264133.7571389014,73372.5234375,False,4.4133636104431355,2.641337571389014,0.0,-0.00223060831034394
2026-05-30,264133.7571389014,73754.8359375,False,4.436359740278506,2.641337571389014,0.0,0.0052105676905833676
2026-05-31,264133.7571389014,73579.6875,False,4.42582454666278,2.641337571389014,0.0,-0.002374738351372918
